rank,skill,skill_key,platform,vendor,source_skillssh,slug_clawhub,url,repo_url,install,match,description,description_zh,installs_skillssh,trending_rank_skillssh,weekly_recent,weekly_prev,growth_pct,data_source
1,ai-image-generation,ss:101-skills/superpowers/ai-image-generation,skills.sh,101-skills,101-skills/superpowers,,https://www.skills.sh/101-skills/superpowers/ai-image-generation,https://github.com/101-skills/superpowers,npx skills add https://github.com/101-skills/superpowers --skill ai-image-generation,single,,,251645,1,63881,13165,,skills.sh-trending
2,ai-avatar-video,ss:101-skills/superpowers/ai-avatar-video,skills.sh,101-skills,101-skills/superpowers,,https://www.skills.sh/101-skills/superpowers/ai-avatar-video,https://github.com/101-skills/superpowers,npx skills add https://github.com/101-skills/superpowers --skill ai-avatar-video,single,,,251485,2,63412,13376,,skills.sh-trending
3,ai-video-generation,ss:101-skills/superpowers/ai-video-generation,skills.sh,101-skills,101-skills/superpowers,,https://www.skills.sh/101-skills/superpowers/ai-video-generation,https://github.com/101-skills/superpowers,npx skills add https://github.com/101-skills/superpowers --skill ai-video-generation,single,,,252083,3,64317,13241,,skills.sh-trending
4,twitter-automation,ss:101-skills/superpowers/twitter-automation,skills.sh,101-skills,101-skills/superpowers,,https://www.skills.sh/101-skills/superpowers/twitter-automation,https://github.com/101-skills/superpowers,npx skills add https://github.com/101-skills/superpowers --skill twitter-automation,single,,,251793,4,63653,13446,,skills.sh-trending
5,ai-video-generation,ss:qu-skills/superpowers/ai-video-generation,skills.sh,qu-skills,qu-skills/superpowers,,https://www.skills.sh/qu-skills/superpowers/ai-video-generation,https://github.com/qu-skills/superpowers,npx skills add https://github.com/qu-skills/superpowers --skill ai-video-generation,single,,,120265,5,30726,6040,,skills.sh-trending
6,ai-image-generation,ss:qu-skills/superpowers/ai-image-generation,skills.sh,qu-skills,qu-skills/superpowers,,https://www.skills.sh/qu-skills/superpowers/ai-image-generation,https://github.com/qu-skills/superpowers,npx skills add https://github.com/qu-skills/superpowers --skill ai-image-generation,single,,,120264,6,30674,6104,,skills.sh-trending
7,ai-avatar-video,ss:qu-skills/superpowers/ai-avatar-video,skills.sh,qu-skills,qu-skills/superpowers,,https://www.skills.sh/qu-skills/superpowers/ai-avatar-video,https://github.com/qu-skills/superpowers,npx skills add https://github.com/qu-skills/superpowers --skill ai-avatar-video,single,,,120820,7,31275,5892,,skills.sh-trending
8,twitter-automation,ss:qu-skills/superpowers/twitter-automation,skills.sh,qu-skills,qu-skills/superpowers,,https://www.skills.sh/qu-skills/superpowers/twitter-automation,https://github.com/qu-skills/superpowers,npx skills add https://github.com/qu-skills/superpowers --skill twitter-automation,single,,,120455,8,30950,6108,,skills.sh-trending
9,design-mobile-apps,ss:designed-by-ai/skills/design-mobile-apps,skills.sh,designed-by-ai,designed-by-ai/skills,,https://www.skills.sh/designed-by-ai/skills/design-mobile-apps,https://github.com/designed-by-ai/skills,npx skills add https://github.com/designed-by-ai/skills --skill design-mobile-apps,single,,,313688,9,140177,53048,,skills.sh-trending
10,seedance-2-5-reference-to-video,ss:genmedia-labs/skills/seedance-2-5-reference-to-video,skills.sh,genmedia-labs,genmedia-labs/skills,,https://www.skills.sh/genmedia-labs/skills/seedance-2-5-reference-to-video,https://github.com/genmedia-labs/skills,npx skills add https://github.com/genmedia-labs/skills --skill seedance-2-5-reference-to-video,single,,,236007,10,108509,30726,,skills.sh-trending
11,ai-video-generation,ss:genmedia-labs/skills/ai-video-generation,skills.sh,genmedia-labs,genmedia-labs/skills,,https://www.skills.sh/genmedia-labs/skills/ai-video-generation,https://github.com/genmedia-labs/skills,npx skills add https://github.com/genmedia-labs/skills --skill ai-video-generation,single,,,569689,11,108587,112626,-3.6,skills.sh-trending
12,image-to-video,ss:genmedia-labs/skills/image-to-video,skills.sh,genmedia-labs,genmedia-labs/skills,,https://www.skills.sh/genmedia-labs/skills/image-to-video,https://github.com/genmedia-labs/skills,npx skills add https://github.com/genmedia-labs/skills --skill image-to-video,single,,,569295,12,108844,112407,-3.2,skills.sh-trending
13,ai-music,ss:genmedia-labs/skills/ai-music,skills.sh,genmedia-labs,genmedia-labs/skills,,https://www.skills.sh/genmedia-labs/skills/ai-music,https://github.com/genmedia-labs/skills,npx skills add https://github.com/genmedia-labs/skills --skill ai-music,single,,,569878,13,108586,113480,-4.3,skills.sh-trending
14,ai-image-generation,ss:genmedia-labs/skills/ai-image-generation,skills.sh,genmedia-labs,genmedia-labs/skills,,https://www.skills.sh/genmedia-labs/skills/ai-image-generation,https://github.com/genmedia-labs/skills,npx skills add https://github.com/genmedia-labs/skills --skill ai-image-generation,single,,,568905,14,108359,112485,-3.7,skills.sh-trending
15,reddit-automation,ss:flowkit-labs/skills/reddit-automation,skills.sh,flowkit-labs,flowkit-labs/skills,,https://www.skills.sh/flowkit-labs/skills/reddit-automation,https://github.com/flowkit-labs/skills,npx skills add https://github.com/flowkit-labs/skills --skill reddit-automation,single,,,538302,15,108855,113492,-4.1,skills.sh-trending
16,seedance-2-5-image-to-video,ss:genmedia-labs/skills/seedance-2-5-image-to-video,skills.sh,genmedia-labs,genmedia-labs/skills,,https://www.skills.sh/genmedia-labs/skills/seedance-2-5-image-to-video,https://github.com/genmedia-labs/skills,npx skills add https://github.com/genmedia-labs/skills --skill seedance-2-5-image-to-video,single,,,236302,16,108725,30815,,skills.sh-trending
17,wan-3-0-prime-reference-to-video,ss:genmedia-labs/skills/wan-3-0-prime-reference-to-video,skills.sh,genmedia-labs,genmedia-labs/skills,,https://www.skills.sh/genmedia-labs/skills/wan-3-0-prime-reference-to-video,https://github.com/genmedia-labs/skills,npx skills add https://github.com/genmedia-labs/skills --skill wan-3-0-prime-reference-to-video,single,,,236474,17,108717,31009,,skills.sh-trending
18,video-edit,ss:genmedia-labs/skills/video-edit,skills.sh,genmedia-labs,genmedia-labs/skills,,https://www.skills.sh/genmedia-labs/skills/video-edit,https://github.com/genmedia-labs/skills,npx skills add https://github.com/genmedia-labs/skills --skill video-edit,single,,,570534,18,108975,113373,-3.9,skills.sh-trending
19,hyperframes-core,ss:heygen-com/hyperframes/hyperframes-core,skills.sh,heygen-com,heygen-com/hyperframes,,https://www.skills.sh/heygen-com/hyperframes/hyperframes-core,https://github.com/heygen-com/hyperframes,npx skills add https://github.com/heygen-com/hyperframes --skill hyperframes-core,single,,,491634,19,47634,29574,61.1,skills.sh-trending
20,hyperframes-cli,ss:heygen-com/hyperframes/hyperframes-cli,skills.sh,heygen-com,heygen-com/hyperframes,,https://www.skills.sh/heygen-com/hyperframes/hyperframes-cli,https://github.com/heygen-com/hyperframes,npx skills add https://github.com/heygen-com/hyperframes --skill hyperframes-cli,single,,,614970,20,46253,36197,27.8,skills.sh-trending
21,hyperframes-animation,ss:heygen-com/hyperframes/hyperframes-animation,skills.sh,heygen-com,heygen-com/hyperframes,,https://www.skills.sh/heygen-com/hyperframes/hyperframes-animation,https://github.com/heygen-com/hyperframes,npx skills add https://github.com/heygen-com/hyperframes --skill hyperframes-animation,single,,,477579,21,41901,26896,55.8,skills.sh-trending
22,hyperframes,ss:heygen-com/hyperframes/hyperframes,skills.sh,heygen-com,heygen-com/hyperframes,,https://www.skills.sh/heygen-com/hyperframes/hyperframes,https://github.com/heygen-com/hyperframes,npx skills add https://github.com/heygen-com/hyperframes --skill hyperframes,single,,,585170,22,44036,29417,49.7,skills.sh-trending
23,google-agents-cli-eval,ss:google/agents-cli/google-agents-cli-eval,skills.sh,google,google/agents-cli,,https://www.skills.sh/google/agents-cli/google-agents-cli-eval,https://github.com/google/agents-cli,npx skills add https://github.com/google/agents-cli --skill google-agents-cli-eval,single,,,275602,23,57873,42966,34.7,skills.sh-trending
24,google-agents-cli-adk-code,ss:google/agents-cli/google-agents-cli-adk-code,skills.sh,google,google/agents-cli,,https://www.skills.sh/google/agents-cli/google-agents-cli-adk-code,https://github.com/google/agents-cli,npx skills add https://github.com/google/agents-cli --skill google-agents-cli-adk-code,single,,,276010,24,57896,42985,34.7,skills.sh-trending
25,google-agents-cli-observability,ss:google/agents-cli/google-agents-cli-observability,skills.sh,google,google/agents-cli,,https://www.skills.sh/google/agents-cli/google-agents-cli-observability,https://github.com/google/agents-cli,npx skills add https://github.com/google/agents-cli --skill google-agents-cli-observability,single,,,275519,25,57876,42960,34.7,skills.sh-trending
26,google-agents-cli-scaffold,ss:google/agents-cli/google-agents-cli-scaffold,skills.sh,google,google/agents-cli,,https://www.skills.sh/google/agents-cli/google-agents-cli-scaffold,https://github.com/google/agents-cli,npx skills add https://github.com/google/agents-cli --skill google-agents-cli-scaffold,single,,,275543,26,57890,42966,34.7,skills.sh-trending
27,google-agents-cli-workflow,ss:google/agents-cli/google-agents-cli-workflow,skills.sh,google,google/agents-cli,,https://www.skills.sh/google/agents-cli/google-agents-cli-workflow,https://github.com/google/agents-cli,npx skills add https://github.com/google/agents-cli --skill google-agents-cli-workflow,single,,,275631,27,57887,42955,34.8,skills.sh-trending
28,google-agents-cli-deploy,ss:google/agents-cli/google-agents-cli-deploy,skills.sh,google,google/agents-cli,,https://www.skills.sh/google/agents-cli/google-agents-cli-deploy,https://github.com/google/agents-cli,npx skills add https://github.com/google/agents-cli --skill google-agents-cli-deploy,single,,,275547,28,57889,42963,34.7,skills.sh-trending
29,google-agents-cli-publish,ss:google/agents-cli/google-agents-cli-publish,skills.sh,google,google/agents-cli,,https://www.skills.sh/google/agents-cli/google-agents-cli-publish,https://github.com/google/agents-cli,npx skills add https://github.com/google/agents-cli --skill google-agents-cli-publish,single,,,275379,29,57869,42952,34.7,skills.sh-trending
30,find-skills,ss:vercel-labs/skills/find-skills,skills.sh,vercel-labs,vercel-labs/skills,,https://www.skills.sh/vercel-labs/skills/find-skills,https://github.com/vercel-labs/skills,npx skills add https://github.com/vercel-labs/skills --skill find-skills,single,,,3476711,30,101832,102072,-0.2,skills.sh-trending
31,media-use,ss:heygen-com/hyperframes/media-use,skills.sh,heygen-com,heygen-com/hyperframes,,https://www.skills.sh/heygen-com/hyperframes/media-use,https://github.com/heygen-com/hyperframes,npx skills add https://github.com/heygen-com/hyperframes --skill media-use,single,,,487140,31,47488,31601,50.3,skills.sh-trending
32,hyperframes-creative,ss:heygen-com/hyperframes/hyperframes-creative,skills.sh,heygen-com,heygen-com/hyperframes,,https://www.skills.sh/heygen-com/hyperframes/hyperframes-creative,https://github.com/heygen-com/hyperframes,npx skills add https://github.com/heygen-com/hyperframes --skill hyperframes-creative,single,,,456777,32,42499,29701,43.1,skills.sh-trending
33,hyperframes-studio,ss:heygen-com/hyperframes/hyperframes-studio,skills.sh,heygen-com,heygen-com/hyperframes,,https://www.skills.sh/heygen-com/hyperframes/hyperframes-studio,https://github.com/heygen-com/hyperframes,npx skills add https://github.com/heygen-com/hyperframes --skill hyperframes-studio,single,,,11100,33,,,,skills.sh-trending
34,typesafe-ai,ss:typesafe-ai/skills/typesafe-ai,skills.sh,typesafe-ai,typesafe-ai/skills,,https://www.skills.sh/typesafe-ai/skills/typesafe-ai,https://github.com/typesafe-ai/skills,npx skills add https://github.com/typesafe-ai/skills --skill typesafe-ai,single,,,11053,34,,,,skills.sh-trending
35,ai-image-generation,ss:magentosh/superpowers/ai-image-generation,skills.sh,magentosh,magentosh/superpowers,,https://www.skills.sh/magentosh/superpowers/ai-image-generation,https://github.com/magentosh/superpowers,npx skills add https://github.com/magentosh/superpowers --skill ai-image-generation,single,,,69059,35,15349,8648,77.5,skills.sh-trending
36,twitter-automation,ss:magentosh/superpowers/twitter-automation,skills.sh,magentosh,magentosh/superpowers,,https://www.skills.sh/magentosh/superpowers/twitter-automation,https://github.com/magentosh/superpowers,npx skills add https://github.com/magentosh/superpowers --skill twitter-automation,single,,,68831,36,15355,8537,79.9,skills.sh-trending
37,ai-avatar-video,ss:magentosh/superpowers/ai-avatar-video,skills.sh,magentosh,magentosh/superpowers,,https://www.skills.sh/magentosh/superpowers/ai-avatar-video,https://github.com/magentosh/superpowers,npx skills add https://github.com/magentosh/superpowers --skill ai-avatar-video,single,,,68941,37,15473,8507,81.9,skills.sh-trending
38,ai-video-generation,ss:magentosh/superpowers/ai-video-generation,skills.sh,magentosh,magentosh/superpowers,,https://www.skills.sh/magentosh/superpowers/ai-video-generation,https://github.com/magentosh/superpowers,npx skills add https://github.com/magentosh/superpowers --skill ai-video-generation,single,,,68970,38,15414,8521,80.9,skills.sh-trending
39,ai-video-generation,ss:its-a-skill-issue/superpowers/ai-video-generation,skills.sh,its-a-skill-issue,its-a-skill-issue/superpowers,,https://www.skills.sh/its-a-skill-issue/superpowers/ai-video-generation,https://github.com/its-a-skill-issue/superpowers,npx skills add https://github.com/its-a-skill-issue/superpowers --skill ai-video-generation,single,,,56775,39,14822,0,,skills.sh-trending
40,twitter-automation,ss:its-a-skill-issue/superpowers/twitter-automation,skills.sh,its-a-skill-issue,its-a-skill-issue/superpowers,,https://www.skills.sh/its-a-skill-issue/superpowers/twitter-automation,https://github.com/its-a-skill-issue/superpowers,npx skills add https://github.com/its-a-skill-issue/superpowers --skill twitter-automation,single,,,57039,40,14971,0,,skills.sh-trending
41,ai-image-generation,ss:its-a-skill-issue/superpowers/ai-image-generation,skills.sh,its-a-skill-issue,its-a-skill-issue/superpowers,,https://www.skills.sh/its-a-skill-issue/superpowers/ai-image-generation,https://github.com/its-a-skill-issue/superpowers,npx skills add https://github.com/its-a-skill-issue/superpowers --skill ai-image-generation,single,,,57130,41,15106,0,,skills.sh-trending
42,ai-avatar-video,ss:its-a-skill-issue/superpowers/ai-avatar-video,skills.sh,its-a-skill-issue,its-a-skill-issue/superpowers,,https://www.skills.sh/its-a-skill-issue/superpowers/ai-avatar-video,https://github.com/its-a-skill-issue/superpowers,npx skills add https://github.com/its-a-skill-issue/superpowers --skill ai-avatar-video,single,,,56996,42,15065,0,,skills.sh-trending
43,ai-avatar-video,ss:bankai-skills/superpowers/ai-avatar-video,skills.sh,bankai-skills,bankai-skills/superpowers,,https://www.skills.sh/bankai-skills/superpowers/ai-avatar-video,https://github.com/bankai-skills/superpowers,npx skills add https://github.com/bankai-skills/superpowers --skill ai-avatar-video,single,,,9571,43,,,,skills.sh-trending
44,twitter-automation,ss:bankai-skills/superpowers/twitter-automation,skills.sh,bankai-skills,bankai-skills/superpowers,,https://www.skills.sh/bankai-skills/superpowers/twitter-automation,https://github.com/bankai-skills/superpowers,npx skills add https://github.com/bankai-skills/superpowers --skill twitter-automation,single,,,9571,44,,,,skills.sh-trending
45,ai-image-generation,ss:bankai-skills/superpowers/ai-image-generation,skills.sh,bankai-skills,bankai-skills/superpowers,,https://www.skills.sh/bankai-skills/superpowers/ai-image-generation,https://github.com/bankai-skills/superpowers,npx skills add https://github.com/bankai-skills/superpowers --skill ai-image-generation,single,,,9571,45,,,,skills.sh-trending
46,ai-video-generation,ss:bankai-skills/superpowers/ai-video-generation,skills.sh,bankai-skills,bankai-skills/superpowers,,https://www.skills.sh/bankai-skills/superpowers/ai-video-generation,https://github.com/bankai-skills/superpowers,npx skills add https://github.com/bankai-skills/superpowers --skill ai-video-generation,single,,,9571,46,,,,skills.sh-trending
47,twitter-automation,ss:skills-shell/superpowers/twitter-automation,skills.sh,skills-shell,skills-shell/superpowers,,https://www.skills.sh/skills-shell/superpowers/twitter-automation,https://github.com/skills-shell/superpowers,npx skills add https://github.com/skills-shell/superpowers --skill twitter-automation,single,,,62957,47,15519,5390,,skills.sh-trending
48,ai-avatar-video,ss:skills-shell/superpowers/ai-avatar-video,skills.sh,skills-shell,skills-shell/superpowers,,https://www.skills.sh/skills-shell/superpowers/ai-avatar-video,https://github.com/skills-shell/superpowers,npx skills add https://github.com/skills-shell/superpowers --skill ai-avatar-video,single,,,62673,48,15340,5369,,skills.sh-trending
49,ai-image-generation,ss:skills-shell/superpowers/ai-image-generation,skills.sh,skills-shell,skills-shell/superpowers,,https://www.skills.sh/skills-shell/superpowers/ai-image-generation,https://github.com/skills-shell/superpowers,npx skills add https://github.com/skills-shell/superpowers --skill ai-image-generation,single,,,62909,49,15341,5426,,skills.sh-trending
50,ai-video-generation,ss:skills-shell/superpowers/ai-video-generation,skills.sh,skills-shell,skills-shell/superpowers,,https://www.skills.sh/skills-shell/superpowers/ai-video-generation,https://github.com/skills-shell/superpowers,npx skills add https://github.com/skills-shell/superpowers --skill ai-video-generation,single,,,62972,50,15657,5412,,skills.sh-trending
51,hyperframes-audio,ss:heygen-com/hyperframes/hyperframes-audio,skills.sh,heygen-com,heygen-com/hyperframes,,https://www.skills.sh/heygen-com/hyperframes/hyperframes-audio,https://github.com/heygen-com/hyperframes,npx skills add https://github.com/heygen-com/hyperframes --skill hyperframes-audio,single,,,208501,51,34753,26068,33.3,skills.sh-trending
52,hyperframes-registry,ss:heygen-com/hyperframes/hyperframes-registry,skills.sh,heygen-com,heygen-com/hyperframes,,https://www.skills.sh/heygen-com/hyperframes/hyperframes-registry,https://github.com/heygen-com/hyperframes,npx skills add https://github.com/heygen-com/hyperframes --skill hyperframes-registry,single,,,532016,52,42493,28936,46.9,skills.sh-trending
53,hyperframes-keyframes,ss:heygen-com/hyperframes/hyperframes-keyframes,skills.sh,heygen-com,heygen-com/hyperframes,,https://www.skills.sh/heygen-com/hyperframes/hyperframes-keyframes,https://github.com/heygen-com/hyperframes,npx skills add https://github.com/heygen-com/hyperframes --skill hyperframes-keyframes,single,,,353591,53,28684,24271,18.2,skills.sh-trending
54,general-video,ss:heygen-com/hyperframes/general-video,skills.sh,heygen-com,heygen-com/hyperframes,,https://www.skills.sh/heygen-com/hyperframes/general-video,https://github.com/heygen-com/hyperframes,npx skills add https://github.com/heygen-com/hyperframes --skill general-video,single,,,312746,54,28354,15382,84.3,skills.sh-trending
55,agent-browser,ss:101-skills/superpowers/agent-browser,skills.sh,101-skills,101-skills/superpowers,,https://www.skills.sh/101-skills/superpowers/agent-browser,https://github.com/101-skills/superpowers,npx skills add https://github.com/101-skills/superpowers --skill agent-browser,single,,,47350,55,12081,2581,,skills.sh-trending
56,product-launch-video,ss:heygen-com/hyperframes/product-launch-video,skills.sh,heygen-com,heygen-com/hyperframes,,https://www.skills.sh/heygen-com/hyperframes/product-launch-video,https://github.com/heygen-com/hyperframes,npx skills add https://github.com/heygen-com/hyperframes --skill product-launch-video,single,,,279062,56,21177,12483,69.6,skills.sh-trending
57,faceless-explainer,ss:heygen-com/hyperframes/faceless-explainer,skills.sh,heygen-com,heygen-com/hyperframes,,https://www.skills.sh/heygen-com/hyperframes/faceless-explainer,https://github.com/heygen-com/hyperframes,npx skills add https://github.com/heygen-com/hyperframes --skill faceless-explainer,single,,,274878,57,18379,11850,55.1,skills.sh-trending
58,music-to-video,ss:heygen-com/hyperframes/music-to-video,skills.sh,heygen-com,heygen-com/hyperframes,,https://www.skills.sh/heygen-com/hyperframes/music-to-video,https://github.com/heygen-com/hyperframes,npx skills add https://github.com/heygen-com/hyperframes --skill music-to-video,single,,,225005,58,14517,10120,43.4,skills.sh-trending
59,remotion-to-hyperframes,ss:heygen-com/hyperframes/remotion-to-hyperframes,skills.sh,heygen-com,heygen-com/hyperframes,,https://www.skills.sh/heygen-com/hyperframes/remotion-to-hyperframes,https://github.com/heygen-com/hyperframes,npx skills add https://github.com/heygen-com/hyperframes --skill remotion-to-hyperframes,single,,,311669,59,14566,10110,44.1,skills.sh-trending
60,embedded-captions,ss:heygen-com/hyperframes/embedded-captions,skills.sh,heygen-com,heygen-com/hyperframes,,https://www.skills.sh/heygen-com/hyperframes/embedded-captions,https://github.com/heygen-com/hyperframes,npx skills add https://github.com/heygen-com/hyperframes --skill embedded-captions,single,,,251248,60,16688,12401,34.6,skills.sh-trending
61,pr-to-video,ss:heygen-com/hyperframes/pr-to-video,skills.sh,heygen-com,heygen-com/hyperframes,,https://www.skills.sh/heygen-com/hyperframes/pr-to-video,https://github.com/heygen-com/hyperframes,npx skills add https://github.com/heygen-com/hyperframes --skill pr-to-video,single,,,245531,61,15785,9755,61.8,skills.sh-trending
62,motion-graphics,ss:heygen-com/hyperframes/motion-graphics,skills.sh,heygen-com,heygen-com/hyperframes,,https://www.skills.sh/heygen-com/hyperframes/motion-graphics,https://github.com/heygen-com/hyperframes,npx skills add https://github.com/heygen-com/hyperframes --skill motion-graphics,single,,,271655,62,18159,12206,48.8,skills.sh-trending
63,anti-prose-slop,ss:proseify.xyz/anti-prose-slop,skills.sh,proseify.xyz,proseify.xyz,,https://www.skills.sh/proseify.xyz/anti-prose-slop,,,single,,,5882,63,,,,skills.sh-trending
64,talking-head-recut,ss:heygen-com/hyperframes/talking-head-recut,skills.sh,heygen-com,heygen-com/hyperframes,,https://www.skills.sh/heygen-com/hyperframes/talking-head-recut,https://github.com/heygen-com/hyperframes,npx skills add https://github.com/heygen-com/hyperframes --skill talking-head-recut,single,,,210036,64,15610,10757,45.1,skills.sh-trending
65,slideshow,ss:heygen-com/hyperframes/slideshow,skills.sh,heygen-com,heygen-com/hyperframes,,https://www.skills.sh/heygen-com/hyperframes/slideshow,https://github.com/heygen-com/hyperframes,npx skills add https://github.com/heygen-com/hyperframes --skill slideshow,single,,,219880,65,13750,9406,46.2,skills.sh-trending
66,grill-me,ss:mattpocock/skills/grill-me,skills.sh,mattpocock,mattpocock/skills,,https://www.skills.sh/mattpocock/skills/grill-me,https://github.com/mattpocock/skills,npx skills add https://github.com/mattpocock/skills --skill grill-me,single,,,1180193,66,57738,63238,-8.7,skills.sh-trending
67,figma,ss:heygen-com/hyperframes/figma,skills.sh,heygen-com,heygen-com/hyperframes,,https://www.skills.sh/heygen-com/hyperframes/figma,https://github.com/heygen-com/hyperframes,npx skills add https://github.com/heygen-com/hyperframes --skill figma,single,,,155037,67,11047,9192,20.2,skills.sh-trending
68,grilling,ss:mattpocock/skills/grilling,skills.sh,mattpocock,mattpocock/skills,,https://www.skills.sh/mattpocock/skills/grilling,https://github.com/mattpocock/skills,npx skills add https://github.com/mattpocock/skills --skill grilling,single,,,735580,68,53033,57402,-7.6,skills.sh-trending
69,web-search,ss:101-skills/superpowers/web-search,skills.sh,101-skills,101-skills/superpowers,,https://www.skills.sh/101-skills/superpowers/web-search,https://github.com/101-skills/superpowers,npx skills add https://github.com/101-skills/superpowers --skill web-search,single,,,4970,69,,,,skills.sh-trending
70,agent-tools,ss:101-skills/superpowers/agent-tools,skills.sh,101-skills,101-skills/superpowers,,https://www.skills.sh/101-skills/superpowers/agent-tools,https://github.com/101-skills/superpowers,npx skills add https://github.com/101-skills/superpowers --skill agent-tools,single,,,4965,70,,,,skills.sh-trending
71,python-executor,ss:101-skills/superpowers/python-executor,skills.sh,101-skills,101-skills/superpowers,,https://www.skills.sh/101-skills/superpowers/python-executor,https://github.com/101-skills/superpowers,npx skills add https://github.com/101-skills/superpowers --skill python-executor,single,,,4964,71,,,,skills.sh-trending
72,infsh-cli,ss:101-skills/superpowers/infsh-cli,skills.sh,101-skills,101-skills/superpowers,,https://www.skills.sh/101-skills/superpowers/infsh-cli,https://github.com/101-skills/superpowers,npx skills add https://github.com/101-skills/superpowers --skill infsh-cli,single,,,4964,72,,,,skills.sh-trending
73,remotion-render,ss:101-skills/superpowers/remotion-render,skills.sh,101-skills,101-skills/superpowers,,https://www.skills.sh/101-skills/superpowers/remotion-render,https://github.com/101-skills/superpowers,npx skills add https://github.com/101-skills/superpowers --skill remotion-render,single,,,4964,73,,,,skills.sh-trending
74,grill-with-docs,ss:mattpocock/skills/grill-with-docs,skills.sh,mattpocock,mattpocock/skills,,https://www.skills.sh/mattpocock/skills/grill-with-docs,https://github.com/mattpocock/skills,npx skills add https://github.com/mattpocock/skills --skill grill-with-docs,single,,,1007700,74,49668,54857,-9.5,skills.sh-trending
75,domain-modeling,ss:mattpocock/skills/domain-modeling,skills.sh,mattpocock,mattpocock/skills,,https://www.skills.sh/mattpocock/skills/domain-modeling,https://github.com/mattpocock/skills,npx skills add https://github.com/mattpocock/skills --skill domain-modeling,single,,,664608,75,46026,50343,-8.6,skills.sh-trending
76,codebase-design,ss:mattpocock/skills/codebase-design,skills.sh,mattpocock,mattpocock/skills,,https://www.skills.sh/mattpocock/skills/codebase-design,https://github.com/mattpocock/skills,npx skills add https://github.com/mattpocock/skills --skill codebase-design,single,,,643775,76,44300,48646,-8.9,skills.sh-trending
77,code-review,ss:mattpocock/skills/code-review,skills.sh,mattpocock,mattpocock/skills,,https://www.skills.sh/mattpocock/skills/code-review,https://github.com/mattpocock/skills,npx skills add https://github.com/mattpocock/skills --skill code-review,single,,,582031,77,45993,50175,-8.3,skills.sh-trending
78,improve-codebase-architecture,ss:mattpocock/skills/improve-codebase-architecture,skills.sh,mattpocock,mattpocock/skills,,https://www.skills.sh/mattpocock/skills/improve-codebase-architecture,https://github.com/mattpocock/skills,npx skills add https://github.com/mattpocock/skills --skill improve-codebase-architecture,single,,,959777,78,44253,50293,-12,skills.sh-trending
79,handoff,ss:mattpocock/skills/handoff,skills.sh,mattpocock,mattpocock/skills,,https://www.skills.sh/mattpocock/skills/handoff,https://github.com/mattpocock/skills,npx skills add https://github.com/mattpocock/skills --skill handoff,single,,,834326,79,44434,48555,-8.5,skills.sh-trending
80,tdd,ss:mattpocock/skills/tdd,skills.sh,mattpocock,mattpocock/skills,,https://www.skills.sh/mattpocock/skills/tdd,https://github.com/mattpocock/skills,npx skills add https://github.com/mattpocock/skills --skill tdd,single,,,932109,80,44259,49590,-10.8,skills.sh-trending
81,agent-browser,ss:vercel-labs/agent-browser/agent-browser,skills.sh,vercel-labs,vercel-labs/agent-browser,,https://www.skills.sh/vercel-labs/agent-browser/agent-browser,https://github.com/vercel-labs/agent-browser,npx skills add https://github.com/vercel-labs/agent-browser --skill agent-browser,single,,,889437,81,45317,42640,6.3,skills.sh-trending
82,diagnosing-bugs,ss:mattpocock/skills/diagnosing-bugs,skills.sh,mattpocock,mattpocock/skills,,https://www.skills.sh/mattpocock/skills/diagnosing-bugs,https://github.com/mattpocock/skills,npx skills add https://github.com/mattpocock/skills --skill diagnosing-bugs,single,,,631560,82,42585,47088,-9.6,skills.sh-trending
83,to-spec,ss:mattpocock/skills/to-spec,skills.sh,mattpocock,mattpocock/skills,,https://www.skills.sh/mattpocock/skills/to-spec,https://github.com/mattpocock/skills,npx skills add https://github.com/mattpocock/skills --skill to-spec,single,,,531209,83,42964,47583,-9.7,skills.sh-trending
84,implement,ss:mattpocock/skills/implement,skills.sh,mattpocock,mattpocock/skills,,https://www.skills.sh/mattpocock/skills/implement,https://github.com/mattpocock/skills,npx skills add https://github.com/mattpocock/skills --skill implement,single,,,583016,84,42131,46038,-8.5,skills.sh-trending
85,setup-matt-pocock-skills,ss:mattpocock/skills/setup-matt-pocock-skills,skills.sh,mattpocock,mattpocock/skills,,https://www.skills.sh/mattpocock/skills/setup-matt-pocock-skills,https://github.com/mattpocock/skills,npx skills add https://github.com/mattpocock/skills --skill setup-matt-pocock-skills,single,,,860728,85,41541,46685,-11,skills.sh-trending
86,to-tickets,ss:mattpocock/skills/to-tickets,skills.sh,mattpocock,mattpocock/skills,,https://www.skills.sh/mattpocock/skills/to-tickets,https://github.com/mattpocock/skills,npx skills add https://github.com/mattpocock/skills --skill to-tickets,single,,,521749,86,42170,46658,-9.6,skills.sh-trending
87,research,ss:mattpocock/skills/research,skills.sh,mattpocock,mattpocock/skills,,https://www.skills.sh/mattpocock/skills/research,https://github.com/mattpocock/skills,npx skills add https://github.com/mattpocock/skills --skill research,single,,,531183,87,41398,46507,-11,skills.sh-trending
88,teach,ss:mattpocock/skills/teach,skills.sh,mattpocock,mattpocock/skills,,https://www.skills.sh/mattpocock/skills/teach,https://github.com/mattpocock/skills,npx skills add https://github.com/mattpocock/skills --skill teach,single,,,680657,88,40766,45222,-9.9,skills.sh-trending
89,prototype,ss:mattpocock/skills/prototype,skills.sh,mattpocock,mattpocock/skills,,https://www.skills.sh/mattpocock/skills/prototype,https://github.com/mattpocock/skills,npx skills add https://github.com/mattpocock/skills --skill prototype,single,,,808073,89,41091,45883,-10.4,skills.sh-trending
90,writing-for-agents,ss:mattpocock/skills/writing-for-agents,skills.sh,mattpocock,mattpocock/skills,,https://www.skills.sh/mattpocock/skills/writing-for-agents,https://github.com/mattpocock/skills,npx skills add https://github.com/mattpocock/skills --skill writing-for-agents,single,,,286867,90,40334,43735,-7.8,skills.sh-trending
91,wayfinder,ss:mattpocock/skills/wayfinder,skills.sh,mattpocock,mattpocock/skills,,https://www.skills.sh/mattpocock/skills/wayfinder,https://github.com/mattpocock/skills,npx skills add https://github.com/mattpocock/skills --skill wayfinder,single,,,536581,91,40683,45905,-11.4,skills.sh-trending
92,resolving-merge-conflicts,ss:mattpocock/skills/resolving-merge-conflicts,skills.sh,mattpocock,mattpocock/skills,,https://www.skills.sh/mattpocock/skills/resolving-merge-conflicts,https://github.com/mattpocock/skills,npx skills add https://github.com/mattpocock/skills --skill resolving-merge-conflicts,single,,,510195,92,39412,43744,-9.9,skills.sh-trending
93,triage,ss:mattpocock/skills/triage,skills.sh,mattpocock,mattpocock/skills,,https://www.skills.sh/mattpocock/skills/triage,https://github.com/mattpocock/skills,npx skills add https://github.com/mattpocock/skills --skill triage,single,,,811695,93,39158,44334,-11.7,skills.sh-trending
94,ask-matt,ss:mattpocock/skills/ask-matt,skills.sh,mattpocock,mattpocock/skills,,https://www.skills.sh/mattpocock/skills/ask-matt,https://github.com/mattpocock/skills,npx skills add https://github.com/mattpocock/skills --skill ask-matt,single,,,584416,94,39556,44784,-11.7,skills.sh-trending
95,wait-what,ss:mattpocock/skills/wait-what,skills.sh,mattpocock,mattpocock/skills,,https://www.skills.sh/mattpocock/skills/wait-what,https://github.com/mattpocock/skills,npx skills add https://github.com/mattpocock/skills --skill wait-what,single,,,275027,95,38270,42115,-9.1,skills.sh-trending
96,to-questionnaire,ss:mattpocock/skills/to-questionnaire,skills.sh,mattpocock,mattpocock/skills,,https://www.skills.sh/mattpocock/skills/to-questionnaire,https://github.com/mattpocock/skills,npx skills add https://github.com/mattpocock/skills --skill to-questionnaire,single,,,333495,96,37599,41136,-8.6,skills.sh-trending
97,wizard,ss:mattpocock/skills/wizard,skills.sh,mattpocock,mattpocock/skills,,https://www.skills.sh/mattpocock/skills/wizard,https://github.com/mattpocock/skills,npx skills add https://github.com/mattpocock/skills --skill wizard,single,,,384717,97,37335,41252,-9.5,skills.sh-trending
98,agent-browser,ss:qu-skills/superpowers/agent-browser,skills.sh,qu-skills,qu-skills/superpowers,,https://www.skills.sh/qu-skills/superpowers/agent-browser,https://github.com/qu-skills/superpowers,npx skills add https://github.com/qu-skills/superpowers --skill agent-browser,single,,,3641,98,,,,skills.sh-trending
99,design-taste-frontend,ss:leonxlnx/taste-skill/design-taste-frontend,skills.sh,leonxlnx,leonxlnx/taste-skill,,https://www.skills.sh/leonxlnx/taste-skill/design-taste-frontend,https://github.com/leonxlnx/taste-skill,npx skills add https://github.com/leonxlnx/taste-skill --skill design-taste-frontend,single,,,496674,99,24606,26844,-8.3,skills.sh-trending
100,loop-me,ss:mattpocock/skills/loop-me,skills.sh,mattpocock,mattpocock/skills,,https://www.skills.sh/mattpocock/skills/loop-me,https://github.com/mattpocock/skills,npx skills add https://github.com/mattpocock/skills --skill loop-me,single,,,316667,100,29177,31995,-8.8,skills.sh-trending
