rank,skill,platform,vendor,source_skillssh,slug_clawhub,url,match,description,description_zh,first_seen_days,installs_skillssh,downloads_clawhub,downloads_skillhub_cn,pop_score
1,multi-search-engine,skillhub-cn,成都智创未来教育管理合伙企业（有限合伙）,,,,single,"多搜索引擎集成,16引擎(7国内+9全球)。Multi search engine integration with 16 engines (7 CN + 9 Global)。核心能力: -","多搜索引擎集成,16引擎(7国内+9全球)。Multi search engine integration with 16 engines (7 CN + 9 Global)。核心能力: -",17,,,331849,0.991
2,anti-fraud,skillhub-cn,,,,,single,"防骗大师.Skill:你身边的生活类防骗专家。 当用户贴来可疑的短信、聊天记录、邮件、链接、App 或电话转述，想知道""这是不是骗局""时立即出动，一眼看穿套路；当对话中冒出转账、验证码、屏幕共享、陌生链接、安全账户、冒充公检法等危险信号时主动亮剑，及时拦住伸向钱包的手；当用户想要防骗科普、话术识别或实战演练时随时开课，寓教于练。覆盖刷单返利、杀猪盘、冒充公检法、冒充客服、虚假投资、钓鱼链接、冒充老","防骗大师.Skill:你身边的生活类防骗专家。 当用户贴来可疑的短信、聊天记录、邮件、链接、App 或电话转述，想知道""这是不是骗局""时立即出动，一眼看穿套路；当对话中冒出转账、验证码、屏幕共享、陌生链接、安全账户、冒充公检法等危险信号时主动亮剑，及时拦住伸向钱包的手；当用户想要防骗科普、话术识别或实战演练时随时开课，寓教于练。覆盖刷单返利、杀猪盘、冒充公检法、冒充客服、虚假投资、钓鱼链接、冒充老",19,,,256039,0.984
3,beatra,skillhub-cn,乐萱同行科技（深圳）有限公司,,,,single,通过同一个AI创作工具完成AI图片、视频、音乐与语音创作，查找公开社交数据，编辑视觉成果，并集中查看和管理生成资产。Beatra 全能创作支持AI图片生成（文生图）、AI视频生成（图生视频）和AI视频编辑，通过AI音乐生成把想法做成歌曲或纯音乐，也可用AI语音生成（文字转语音）、多语言旁白和AI语音克隆完成跨媒介内容；还能查找抖音数据、小红书数据，以及 YouTube、TikTok、Instagr,通过同一个AI创作工具完成AI图片、视频、音乐与语音创作，查找公开社交数据，编辑视觉成果，并集中查看和管理生成资产。Beatra 全能创作支持AI图片生成（文生图）、AI视频生成（图生视频）和AI视频编辑，通过AI音乐生成把想法做成歌曲或纯音乐，也可用AI语音生成（文字转语音）、多语言旁白和AI语音克隆完成跨媒介内容；还能查找抖音数据、小红书数据，以及 YouTube、TikTok、Instagr,20,,,220430,0.979
4,tencent-meeting-mcp,skillhub-cn,腾讯科技（深圳）有限公司,,,,single,腾讯会议：会议管理与音视频协作助手。预约/创建/修改/取消会议、查询会议详情与会议号转换、查看参会成员/受邀人/等候室成员、管理会中等候室成员、查询用户会议列表（即将开始/进行中/已结束）、搜索会议列表、导出参会成员统计与获取异步任务结果、查询录制列表与播放地址、搜索录制文件、获取转写全文/段落/搜索、获取AI智能纪要（支持多语言翻译）、搜索与查询元宝纪要（支持关键词/时间过滤、获取概览/要点/待,腾讯会议：会议管理与音视频协作助手。预约/创建/修改/取消会议、查询会议详情与会议号转换、查看参会成员/受邀人/等候室成员、管理会中等候室成员、查询用户会议列表（即将开始/进行中/已结束）、搜索会议列表、导出参会成员统计与获取异步任务结果、查询录制列表与播放地址、搜索录制文件、获取转写全文/段落/搜索、获取AI智能纪要（支持多语言翻译）、搜索与查询元宝纪要（支持关键词/时间过滤、获取概览/要点/待,1,,,187224,0.973
5,talking-avatar-video,skillhub-cn,乐萱同行科技（深圳）有限公司,,,,single,用一张人像和一段短脚本或语音，制作有明确讲述内容的数字人口播视频。可使用现成录音，也可以先选择音色，把脚本生成旁白，让画面中的人物随声音完成稳定、自然的口播。适合 AI 主播、虚拟主播视频、数字人讲解、让照片说话、照片说话视频、产品讲解视频、数字人培训视频、公告和社交口播，并在交付后检查人物一致性、声音清晰度、口型同步和动作稳定性。,用一张人像和一段短脚本或语音，制作有明确讲述内容的数字人口播视频。可使用现成录音，也可以先选择音色，把脚本生成旁白，让画面中的人物随声音完成稳定、自然的口播。适合 AI 主播、虚拟主播视频、数字人讲解、让照片说话、照片说话视频、产品讲解视频、数字人培训视频、公告和社交口播，并在交付后检查人物一致性、声音清晰度、口型同步和动作稳定性。,3,,,88036,0.935
6,ecommerce-listing-image-set,skillhub-cn,乐萱同行科技（深圳）有限公司,,,,single,基于真实商品照片和 SKU 信息，制作一套统一的 AI 电商上架套图。为新品上架、商品详情页、店铺首页和跨境电商 Listing 准备商品主图、商品卖点图、商品详情图、商品场景图、商品尺寸图和展示包装清单的商品包装图；适合亚马逊Listing图片、淘宝商品图、Shopify产品图、Etsy商品图片和独立站商品展示。,基于真实商品照片和 SKU 信息，制作一套统一的 AI 电商上架套图。为新品上架、商品详情页、店铺首页和跨境电商 Listing 准备商品主图、商品卖点图、商品详情图、商品场景图、商品尺寸图和展示包装清单的商品包装图；适合亚马逊Listing图片、淘宝商品图、Shopify产品图、Etsy商品图片和独立站商品展示。,16,,,87784,0.934
7,hot-topic-content-maker,skillhub-cn,乐萱同行科技（深圳）有限公司,,,,single,把一个热点，变成今天就能发出去的内容。热点、事件、节日节点由你带来，也可以让它去读抖音热榜、TikTok 与 X 的热搜榜与趋势，或者你报一个话题，让它去搜小红书和抖音上正在发的相关内容，把值得接的话题拉出来做选题——这个热点内容工具会找出真正能跟你的品牌或账号接得上的热点选题与切入角度，把值得你署名的那一个挑出来，再把它制作成完整的一条：封面文案与渲染好的封面图、正文、话题标签、短视频的逐段分镜,把一个热点，变成今天就能发出去的内容。热点、事件、节日节点由你带来，也可以让它去读抖音热榜、TikTok 与 X 的热搜榜与趋势，或者你报一个话题，让它去搜小红书和抖音上正在发的相关内容，把值得接的话题拉出来做选题——这个热点内容工具会找出真正能跟你的品牌或账号接得上的热点选题与切入角度，把值得你署名的那一个挑出来，再把它制作成完整的一条：封面文案与渲染好的封面图、正文、话题标签、短视频的逐段分镜,16,,,86288,0.933
8,live-commerce-script-studio,skillhub-cn,乐萱同行科技（深圳）有限公司,,,,single,把一份排品清单，变成主播真的能在镜头前照着念的一整场直播脚本。这个直播带货脚本工作流会排出整场分钟级流程表，为每个主推品写出七步讲解话术，配一套涵盖开场、留人、互动、逼单、催单、收尾的十二类照念话术库，并对所有措辞做一遍合规检查；然后把主播和场控真正拿在手上的话术卡、倒计时卡渲染出来，再把那些靠语气而不是靠文字取胜的句子做成示范音。适合抖音、视频号、淘宝、快手、小红书的直播带货，也可以当成直播脚本,把一份排品清单，变成主播真的能在镜头前照着念的一整场直播脚本。这个直播带货脚本工作流会排出整场分钟级流程表，为每个主推品写出七步讲解话术，配一套涵盖开场、留人、互动、逼单、催单、收尾的十二类照念话术库，并对所有措辞做一遍合规检查；然后把主播和场控真正拿在手上的话术卡、倒计时卡渲染出来，再把那些靠语气而不是靠文字取胜的句子做成示范音。适合抖音、视频号、淘宝、快手、小红书的直播带货，也可以当成直播脚本,20,,,85740,0.932
9,ai-podcast-voiceover,skillhub-cn,乐萱同行科技（深圳）有限公司,,,,single,把文章、公众号文章、笔记或定稿，通过AI播客配音和文字转语音，制作成自然流畅的单人播客口播与MP3单集音频。先把书面内容整理成适合聆听的播客脚本，明确人名、术语和数字的读法，再选择主播音色，调整语速、停顿和表达，形成可持续复用的节目声音。适合文字转播客、文章转播客、AI播客生成、AI播客音频生成、公众号文章转音频、知识解说、新闻评论和个人栏目。,把文章、公众号文章、笔记或定稿，通过AI播客配音和文字转语音，制作成自然流畅的单人播客口播与MP3单集音频。先把书面内容整理成适合聆听的播客脚本，明确人名、术语和数字的读法，再选择主播音色，调整语速、停顿和表达，形成可持续复用的节目声音。适合文字转播客、文章转播客、AI播客生成、AI播客音频生成、公众号文章转音频、知识解说、新闻评论和个人栏目。,3,,,83785,0.929
10,obsidian,skillhub-cn,成都智创未来教育管理合伙企业（有限合伙）,,,,single,"Obsidian笔记库即磁盘文件夹,直接管理","Obsidian笔记库即磁盘文件夹,直接管理",12,,,66363,0.91
11,video-edit,skills.sh,genmedia-labs,genmedia-labs/skills,,https://www.skills.sh/genmedia-labs/skills/video-edit,single,,,20,335514,,,0.881
12,ai-video-generation,skills.sh,genmedia-labs,genmedia-labs/skills,,https://www.skills.sh/genmedia-labs/skills/ai-video-generation,single,,,20,335309,,,0.881
13,ai-music,skills.sh,genmedia-labs,genmedia-labs/skills,,https://www.skills.sh/genmedia-labs/skills/ai-music,single,,,20,335185,,,0.88
14,image-to-video,skills.sh,genmedia-labs,genmedia-labs/skills,,https://www.skills.sh/genmedia-labs/skills/image-to-video,single,,,20,334816,,,0.878
15,ai-image-generation,skills.sh,genmedia-labs,genmedia-labs/skills,,https://www.skills.sh/genmedia-labs/skills/ai-image-generation,single,,,20,334757,,,0.877
16,bid-data-radar-ai-query,skillhub-cn,精英量界（武汉）工程管理有限公司,,,,single,招投标数据雷达AI查询。需配置世舶科技 API Key 使用，适合把自然语言需求转成招标中标检索条件，围绕关键词、地区、行业、企业名称、采购单位、中标单位、供应商、标的物、项目金额、发布时间、开标时间做多条件搜索和批量发现。覆盖招标公告、中标公告、中标候选人、政府采购、工程建设、企业采购、采购意向、合同公告、变更公告、废标流标、拟在建项目、临期项目和即将到期项目，可用于AI招投标智能搜索、自然语言,招投标数据雷达AI查询。需配置世舶科技 API Key 使用，适合把自然语言需求转成招标中标检索条件，围绕关键词、地区、行业、企业名称、采购单位、中标单位、供应商、标的物、项目金额、发布时间、开标时间做多条件搜索和批量发现。覆盖招标公告、中标公告、中标候选人、政府采购、工程建设、企业采购、采购意向、合同公告、变更公告、废标流标、拟在建项目、临期项目和即将到期项目，可用于AI招投标智能搜索、自然语言,19,,,49142,0.867
17,reddit-automation,skills.sh,flowkit-labs,flowkit-labs/skills,,https://www.skills.sh/flowkit-labs/skills/reddit-automation,single,,,20,303356,,,0.86
18,sbkj,skillhub-cn,世舶科技（武汉）有限公司,,,,single,世舶科技提供全网招标、中标、采购与商机数据查询分析服务，覆盖招标公告、中标公告、政府采购、工程建设、企业采购、合同公告、变更公告、废标流标、拟在建项目、临期项目、即将到期项目等招投标信息场景。用户可通过世舶科技快速搜索标讯、订阅项目、挖掘潜在商机、预测采购需求、分析历史中标记录，并支持按地区、行业、采购单位、中标单位、标的物、项目金额、发布时间、开标时间等维度进行数据筛选与统计分析。 世舶科技适用,世舶科技提供全网招标、中标、采购与商机数据查询分析服务，覆盖招标公告、中标公告、政府采购、工程建设、企业采购、合同公告、变更公告、废标流标、拟在建项目、临期项目、即将到期项目等招投标信息场景。用户可通过世舶科技快速搜索标讯、订阅项目、挖掘潜在商机、预测采购需求、分析历史中标记录，并支持按地区、行业、采购单位、中标单位、标的物、项目金额、发布时间、开标时间等维度进行数据筛选与统计分析。 世舶科技适用,20,,,45518,0.856
19,admapix,skillhub-cn,成都智创未来教育管理合伙企业（有限合伙）,,,,single,"AdMapix广告原始数据层,广告创意/应用/排名/下载收入","AdMapix广告原始数据层,广告创意/应用/排名/下载收入",17,,,44671,0.855
20,national-bid-company-profile,skillhub-cn,精英量界（武汉）工程管理有限公司,,,,single,全国招中标查询与企业画像。需配置世舶科技 API Key 使用，聚焦企业主营业务、历史中标项目、常合作采购单位、主要供应商、参与行业、区域市场、项目金额分布、价格趋势和市场份额变化，帮助判断目标企业的市场活跃度、客户结构和上下游关系。数据覆盖招标公告、中标公告、中标候选人、政府采购、工程建设、企业采购、采购意向、合同公告、变更公告、废标流标、拟在建项目、临期项目、即将到期项目；支持按地区、行业、采,全国招中标查询与企业画像。需配置世舶科技 API Key 使用，聚焦企业主营业务、历史中标项目、常合作采购单位、主要供应商、参与行业、区域市场、项目金额分布、价格趋势和市场份额变化，帮助判断目标企业的市场活跃度、客户结构和上下游关系。数据覆盖招标公告、中标公告、中标候选人、政府采购、工程建设、企业采购、采购意向、合同公告、变更公告、废标流标、拟在建项目、临期项目、即将到期项目；支持按地区、行业、采,19,,,41398,0.853
21,national-bid-ai-analyzer,skillhub-cn,精英量界（武汉）工程管理有限公司,,,,single,全国招中标查询AI分析器。需配置世舶科技 API Key 使用，支持用自然语言提出招投标问题，并把全国招标公告、中标公告、中标候选人、政府采购、工程建设、企业采购、采购意向、合同公告、变更公告、废标流标、拟在建项目、临期项目、即将到期项目整理成可解释的项目清单、趋势结论和竞争判断。可按地区、行业、时间、项目分类、采购分类、采购单位、中标单位、供应商、标的物、项目金额、发布时间、开标时间分析采购需求,全国招中标查询AI分析器。需配置世舶科技 API Key 使用，支持用自然语言提出招投标问题，并把全国招标公告、中标公告、中标候选人、政府采购、工程建设、企业采购、采购意向、合同公告、变更公告、废标流标、拟在建项目、临期项目、即将到期项目整理成可解释的项目清单、趋势结论和竞争判断。可按地区、行业、时间、项目分类、采购分类、采购单位、中标单位、供应商、标的物、项目金额、发布时间、开标时间分析采购需求,19,,,41200,0.851
22,bid-quick-search-engine,skillhub-cn,精英量界（武汉）工程管理有限公司,,,,single,招投标快查搜索引擎。需配置世舶科技 API Key 使用，用于用项目编号、关键词、企业名称、采购单位、中标单位、供应商、地区、行业、标的物、项目金额、发布时间、开标时间快速查找项目、原始公告、附件线索和合同信息。覆盖招标公告、中标公告、中标候选人、政府采购、工程建设、企业采购、采购意向、合同公告、变更公告、废标流标、拟在建项目、临期项目和即将到期项目，适用于临时查标、客户核验、供应商筛选、历史中标,招投标快查搜索引擎。需配置世舶科技 API Key 使用，用于用项目编号、关键词、企业名称、采购单位、中标单位、供应商、地区、行业、标的物、项目金额、发布时间、开标时间快速查找项目、原始公告、附件线索和合同信息。覆盖招标公告、中标公告、中标候选人、政府采购、工程建设、企业采购、采购意向、合同公告、变更公告、废标流标、拟在建项目、临期项目和即将到期项目，适用于临时查标、客户核验、供应商筛选、历史中标,19,,,40926,0.85
23,lingyi-wx-account-diagnose,skillhub-cn,零一裂变（深圳）科技有限公司,,,,single,【零一数科·出品】公众号诊断（付费版）。给自己的号做一次内容体系体检。选题结构分布+更新频率与断更+定位一致性（自述定位 vs 实际写作方向）+内容矩阵健康度四项信号灯+内容支柱与内容缺口+账号普遍偏弱的评分维度+可执行策略建议；可选 HTML 报告。默认只需说出公众号名字，正文与互动指标由服务端自动获取；也可用本地历史文章文件夹，后台导出表格作为可选增强。约 20 点/篇 + 30 点洞察。触发,【零一数科·出品】公众号诊断（付费版）。给自己的号做一次内容体系体检。选题结构分布+更新频率与断更+定位一致性（自述定位 vs 实际写作方向）+内容矩阵健康度四项信号灯+内容支柱与内容缺口+账号普遍偏弱的评分维度+可执行策略建议；可选 HTML 报告。默认只需说出公众号名字，正文与互动指标由服务端自动获取；也可用本地历史文章文件夹，后台导出表格作为可选增强。约 20 点/篇 + 30 点洞察。触发,15,,,40385,0.847
24,whole-network-bid-intelligence-assistant,skillhub-cn,精英量界（武汉）工程管理有限公司,,,,single,全网招中标智能情报助手。需配置世舶科技 API Key 使用，整合全国招标公告、中标公告、中标候选人、政府采购、工程建设、企业采购、采购意向、合同公告、变更公告、废标流标、拟在建项目、临期项目、即将到期项目，围绕项目、采购单位、中标单位、供应商、企业名称、地区、行业、标的物、项目金额、发布时间和开标时间做综合判断。适用于全网标讯查询、企业画像、采购单位画像、供应商画像、上下游关系、历史中标记录、C,全网招中标智能情报助手。需配置世舶科技 API Key 使用，整合全国招标公告、中标公告、中标候选人、政府采购、工程建设、企业采购、采购意向、合同公告、变更公告、废标流标、拟在建项目、临期项目、即将到期项目，围绕项目、采购单位、中标单位、供应商、企业名称、地区、行业、标的物、项目金额、发布时间和开标时间做综合判断。适用于全网标讯查询、企业画像、采购单位画像、供应商画像、上下游关系、历史中标记录、C,19,,,39877,0.846
25,opentwitter-mcp,clawhub,,,opentwitter-mcp,,single,"Twitter/X data via the 6551 API. Supports user profiles, tweet search, user tweets, follower events, deleted tweets, and KOL followers.",,8,,22368,,0.846
26,national-bid-company-insight,skillhub-cn,精英量界（武汉）工程管理有限公司,,,,single,全国招中标企业洞察。需配置世舶科技 API Key 使用，面向客户尽调、供应商分析、竞品研究和重点账户跟进，查询企业基本信息、联系方式线索、招投标记录、中标统计、采购记录、合作客户、供应商关系、关联项目和历史交易数据。可关联招标公告、中标公告、中标候选人、政府采购、工程建设、企业采购、采购意向、合同公告、变更公告、废标流标、拟在建项目、临期项目、即将到期项目，并按地区、行业、采购单位、中标单位、供,全国招中标企业洞察。需配置世舶科技 API Key 使用，面向客户尽调、供应商分析、竞品研究和重点账户跟进，查询企业基本信息、联系方式线索、招投标记录、中标统计、采购记录、合作客户、供应商关系、关联项目和历史交易数据。可关联招标公告、中标公告、中标候选人、政府采购、工程建设、企业采购、采购意向、合同公告、变更公告、废标流标、拟在建项目、临期项目、即将到期项目，并按地区、行业、采购单位、中标单位、供,19,,,39861,0.845
27,opennews-mcp,clawhub,,,opennews-mcp,,single,"Crypto news search, AI ratings, trading signals, and real-time updates via the OpenNews 6551 API. Supports keyword search, coin filtering, source filtering,...",,8,,22142,,0.841
28,lskj-recommend,skillhub-cn,武汉览山科技有限公司,,,,single,查询并分析与企业产品或服务匹配的招投标潜在项目、采购意向、招标公告和拟在建项目，获取全量项目列表后按业务匹配度、项目阶段、时效、地区和金额评分，输出 A/B/C 推荐等级、等级汇总、项目详情、采集源网址和跟进建议。用于招投标项目推荐、投标商机筛选、销售线索挖掘、采购机会发现、拟在建项目跟踪和市场拓客；不用于单纯查询指定项目或生成企业研究报告。,查询并分析与企业产品或服务匹配的招投标潜在项目、采购意向、招标公告和拟在建项目，获取全量项目列表后按业务匹配度、项目阶段、时效、地区和金额评分，输出 A/B/C 推荐等级、等级汇总、项目详情、采集源网址和跟进建议。用于招投标项目推荐、投标商机筛选、销售线索挖掘、采购机会发现、拟在建项目跟踪和市场拓客；不用于单纯查询指定项目或生成企业研究报告。,9,,,37806,0.836
29,sbkj-official-sales,skillhub-cn,世舶科技（武汉）有限公司,,,,single,从招标公告、中标结果、采购意向、企业信息和项目数据中发现潜在采购客户，补充项目主体、联系人、采购背景和跟进理由，形成可执行的销售线索清单。适合销售获客、采购线索挖掘、区域商机筛选和项目型销售拓客。通过招投标数据 API 获取日更新招投标数据 30 万+与企业数据 1.2 亿+。,从招标公告、中标结果、采购意向、企业信息和项目数据中发现潜在采购客户，补充项目主体、联系人、采购背景和跟进理由，形成可执行的销售线索清单。适合销售获客、采购线索挖掘、区域商机筛选和项目型销售拓客。通过招投标数据 API 获取日更新招投标数据 30 万+与企业数据 1.2 亿+。,19,,,37215,0.834
30,ai-audiobook-narration,skillhub-cn,乐萱同行科技（深圳）有限公司,,,,single,把最终长篇书稿或课程讲稿，通过 AI 有声书生成和长文本转语音，按章节制作成有声读物。先整理章节顺序和人名、术语的读法，选择适合长时间聆听的旁白，用一个有代表性的样章试听声音、节奏和音频格式，再按顺序完成其余内容。适合文字转有声书、AI 有声书制作、课程旁白和整本一致播读，并提供当前费用估算、按章节分段交付、音色试听与聚焦片段的读音调整。,把最终长篇书稿或课程讲稿，通过 AI 有声书生成和长文本转语音，按章节制作成有声读物。先整理章节顺序和人名、术语的读法，选择适合长时间聆听的旁白，用一个有代表性的样章试听声音、节奏和音频格式，再按顺序完成其余内容。适合文字转有声书、AI 有声书制作、课程旁白和整本一致播读，并提供当前费用估算、按章节分段交付、音色试听与聚焦片段的读音调整。,16,,,35065,0.82
31,ppt-craft-master,skillhub-cn,上海劳希科技有限公司,,,,single,"PPT生成助手。不止""做 PPT""，而是以""内容策略 + 视觉设计 + 叙事导演""三位一体，产出有观点、有数据、有金句、排版精致、绝不溢出的演示文稿。内置页数→结构骨架、风格选择矩阵、设计令牌系统、28 种带图示版式库、金句弹药库、图文资产规范、动效纪律与 10 维终审评分卡。覆盖商务/教育/科技/医疗/金融/创意/政府等全行业，中英双语，支持模板或 AI 自动配色。触发词：做PPT、生成PPT、","PPT生成助手。不止""做 PPT""，而是以""内容策略 + 视觉设计 + 叙事导演""三位一体，产出有观点、有数据、有金句、排版精致、绝不溢出的演示文稿。内置页数→结构骨架、风格选择矩阵、设计令牌系统、28 种带图示版式库、金句弹药库、图文资产规范、动效纪律与 10 维终审评分卡。覆盖商务/教育/科技/医疗/金融/创意/政府等全行业，中英双语，支持模板或 AI 自动配色。触发词：做PPT、生成PPT、",17,,,33940,0.808
32,mysteel-datasearch,skillhub-cn,上海钢联电子商务股份有限公司,,,,single,"大宗商品价格数据查询技能。用于查询大宗商品期现货价格、宏观经济指标、产业链供需数据、进出口库存数据、金融市场数据等。当用户询问：(1) 期货/现货价格查询，如""螺纹钢价格""、""铜期货收盘价""； (2) 历史行情或趋势分析；(3) 区域或企业价格对比；(4) 宏观经济指标，如GDP、CPI；(5) 产业链上下游数据；(6) 多市场金融数据（期权、股票、债券、外汇）；(7) 结算确认单生成时触发此技能","大宗商品价格数据查询技能。用于查询大宗商品期现货价格、宏观经济指标、产业链供需数据、进出口库存数据、金融市场数据等。当用户询问：(1) 期货/现货价格查询，如""螺纹钢价格""、""铜期货收盘价""； (2) 历史行情或趋势分析；(3) 区域或企业价格对比；(4) 宏观经济指标，如GDP、CPI；(5) 产业链上下游数据；(6) 多市场金融数据（期权、股票、债券、外汇）；(7) 结算确认单生成时触发此技能",4,,,32449,0.803
33,lingyi-daily-hot-topic,skillhub-cn,零一裂变（深圳）科技有限公司,,,,single,【零一数科·出品】：每日热点选题——每天获取抖音、小红书等平台今日热榜，结合你指定行业/品牌关键词，匹配出可跟进的热点选题（含切入角度、文案方向、形式建议、风险提示、排期建议），把当天热点跟你产品结合出选题，一键出 Markdown 日报。热门搜索词：小红书热点、抖音热点、今日热搜、蹭热点、热点选题、追热点。触发词：热点日报、今日热点、热点选题、热点追踪、社媒热点。,【零一数科·出品】：每日热点选题——每天获取抖音、小红书等平台今日热榜，结合你指定行业/品牌关键词，匹配出可跟进的热点选题（含切入角度、文案方向、形式建议、风险提示、排期建议），把当天热点跟你产品结合出选题，一键出 Markdown 日报。热门搜索词：小红书热点、抖音热点、今日热搜、蹭热点、热点选题、追热点。触发词：热点日报、今日热点、热点选题、热点追踪、社媒热点。,20,,,32233,0.801
34,xique-ai,skillhub-cn,北京喜鹊云智科技有限公司,,,,single,喜鹊标书助手是一款面向 WorkBuddy 用户的智能标书工具。上传招标文件后，用户可以按需配置篇幅、写作方式、图文风格和表格样式，逐步完成大纲规划、目录预览与修改、正文生成，并实时查看任务进度。生成完成后，还支持在线调整内容和排版，最终一键导出 Word 标书，帮助用户更高效地完成从文件解析到成稿交付的全过程。 请登录喜鹊AI标书官网获取Apikey：https://www.xiquebiaos,喜鹊标书助手是一款面向 WorkBuddy 用户的智能标书工具。上传招标文件后，用户可以按需配置篇幅、写作方式、图文风格和表格样式，逐步完成大纲规划、目录预览与修改、正文生成，并实时查看任务进度。生成完成后，还支持在线调整内容和排版，最终一键导出 Word 标书，帮助用户更高效地完成从文件解析到成稿交付的全过程。 请登录喜鹊AI标书官网获取Apikey：https://www.xiquebiaos,4,,,32230,0.8
35,omni-viral-video-deconstruction,skillhub-cn,深圳市聚星瀚贸易有限公司,,,,single,【全能自媒体】视频号爆款短视频拆解。视频号爆款短视频拆解（需本地上传视频）。看图拆爆款，把本地视频按视频号带货/流量逻辑拆成结构分段、脚本类型、爆款归因和六维评分报告。素材全程本地提取，不传视频不传帧；写作说明书由服务端分 3 包下发。每次开单扣 5 点，需用户 API Key。仅支持本地视频上传，暂不支持视频号链接。,【全能自媒体】视频号爆款短视频拆解。视频号爆款短视频拆解（需本地上传视频）。看图拆爆款，把本地视频按视频号带货/流量逻辑拆成结构分段、脚本类型、爆款归因和六维评分报告。素材全程本地提取，不传视频不传帧；写作说明书由服务端分 3 包下发。每次开单扣 5 点，需用户 API Key。仅支持本地视频上传，暂不支持视频号链接。,2,,,31547,0.789
36,bid-document-preparation-assistant,skillhub-cn,精英量界（武汉）工程管理有限公司,,,,single,投标文件编制智能助手。需配置世舶科技 API Key 使用。用于辅助编制投标文件，梳理响应目录、商务技术材料、格式要求和缺失项。当用户需要招投标查询、中标分析、合同公告、拟在建项目、企业画像、招标文件解析、投标文件/标书写作审查或商机分析时触发，基于世舶科技 3.3亿+ 全国全行业实时更新招投标数据 API。覆盖全国全行业招投标数据、年度更新6600万+招投标数据、实时日更新30万+招投标商机、招,投标文件编制智能助手。需配置世舶科技 API Key 使用。用于辅助编制投标文件，梳理响应目录、商务技术材料、格式要求和缺失项。当用户需要招投标查询、中标分析、合同公告、拟在建项目、企业画像、招标文件解析、投标文件/标书写作审查或商机分析时触发，基于世舶科技 3.3亿+ 全国全行业实时更新招投标数据 API。覆盖全国全行业招投标数据、年度更新6600万+招投标数据、实时日更新30万+招投标商机、招,19,,,30764,0.784
37,lskj-official-sales,skillhub-cn,武汉览山科技有限公司,,,,single,销售线索挖掘，该skill用于从招标、采购意向、中标和企业数据中发现潜在采购客户，补充项目主体、联系人和跟进理由，并形成销售线索清单。用于销售获客、采购线索挖掘、目标客户寻找、区域商机筛选、项目型销售拓客等需求。需配置世舶科技 API Key 使用，面向销售获客、CRM客户商机、采购线索挖掘、区域商机筛选和项目型销售拓展，从招标公告、采购意向、中标公告、候选人公示、合同公告、政府采购、工程建设、企,销售线索挖掘，该skill用于从招标、采购意向、中标和企业数据中发现潜在采购客户，补充项目主体、联系人和跟进理由，并形成销售线索清单。用于销售获客、采购线索挖掘、目标客户寻找、区域商机筛选、项目型销售拓客等需求。需配置世舶科技 API Key 使用，面向销售获客、CRM客户商机、采购线索挖掘、区域商机筛选和项目型销售拓展，从招标公告、采购意向、中标公告、候选人公示、合同公告、政府采购、工程建设、企,8,,,30625,0.782
38,bid-proposal-full-process-expert,skillhub-cn,精英量界（武汉）工程管理有限公司,,,,single,标书制作全流程专家。需配置世舶科技 API Key 使用。用于覆盖标书制作全流程，从招标文件解析、目录规划、材料清单到检查交付。当用户需要招投标查询、中标分析、合同公告、拟在建项目、企业画像、招标文件解析、投标文件/标书写作审查或商机分析时触发，基于世舶科技 3.3亿+ 全国全行业实时更新招投标数据 API。覆盖全国全行业招投标数据、年度更新6600万+招投标数据、实时日更新30万+招投标商机、招,标书制作全流程专家。需配置世舶科技 API Key 使用。用于覆盖标书制作全流程，从招标文件解析、目录规划、材料清单到检查交付。当用户需要招投标查询、中标分析、合同公告、拟在建项目、企业画像、招标文件解析、投标文件/标书写作审查或商机分析时触发，基于世舶科技 3.3亿+ 全国全行业实时更新招投标数据 API。覆盖全国全行业招投标数据、年度更新6600万+招投标数据、实时日更新30万+招投标商机、招,19,,,30579,0.781
39,bid-proposal-compliance-assistant,skillhub-cn,精英量界（武汉）工程管理有限公司,,,,single,标书合规审查助手。需配置世舶科技 API Key 使用。用于检查标书是否符合招标文件要求，重点关注资格、格式、响应、签章和时间要求。当用户需要招投标查询、中标分析、合同公告、拟在建项目、企业画像、招标文件解析、投标文件/标书写作审查或商机分析时触发，基于世舶科技 3.3亿+ 全国全行业实时更新招投标数据 API。覆盖全国全行业招投标数据、年度更新6600万+招投标数据、实时日更新30万+招投标商机,标书合规审查助手。需配置世舶科技 API Key 使用。用于检查标书是否符合招标文件要求，重点关注资格、格式、响应、签章和时间要求。当用户需要招投标查询、中标分析、合同公告、拟在建项目、企业画像、招标文件解析、投标文件/标书写作审查或商机分析时触发，基于世舶科技 3.3亿+ 全国全行业实时更新招投标数据 API。覆盖全国全行业招投标数据、年度更新6600万+招投标数据、实时日更新30万+招投标商机,19,,,30414,0.778
40,tender-document-deep-reading-assistant,skillhub-cn,精英量界（武汉）工程管理有限公司,,,,single,招标文件深度解读助手。需配置世舶科技 API Key 使用，用于对复杂招标文件做深度解读，拆解关键条款、评分策略、风险点和响应建议。当用户需要招投标查询、中标分析、合同公告、拟在建项目、采购单位画像、供应商画像、商机发现、市场趋势或企业招投标数据分析时触发。基于世舶科技全国全行业招投标数据 API，覆盖累计3.3亿+招投标信息、年度更新6600万+招投标数据、实时日更新30万+招投标商机、10万+,招标文件深度解读助手。需配置世舶科技 API Key 使用，用于对复杂招标文件做深度解读，拆解关键条款、评分策略、风险点和响应建议。当用户需要招投标查询、中标分析、合同公告、拟在建项目、采购单位画像、供应商画像、商机发现、市场趋势或企业招投标数据分析时触发。基于世舶科技全国全行业招投标数据 API，覆盖累计3.3亿+招投标信息、年度更新6600万+招投标数据、实时日更新30万+招投标商机、10万+,19,,,29966,0.773
41,taitoubiao-proposal-smart-assistant,skillhub-cn,精英量界（武汉）工程管理有限公司,,,,single,钛投标标书智能助手。需配置世舶科技 API Key 使用。用于用于智能投标和标书处理，辅助解读招标要求、编写投标内容和检查合规风险。当用户需要招投标查询、中标分析、合同公告、拟在建项目、企业画像、招标文件解析、投标文件/标书写作审查或商机分析时触发，基于世舶科技 3.3亿+ 全国全行业实时更新招投标数据 API。覆盖全国全行业招投标数据、年度更新6600万+招投标数据、实时日更新30万+招投标商机,钛投标标书智能助手。需配置世舶科技 API Key 使用。用于用于智能投标和标书处理，辅助解读招标要求、编写投标内容和检查合规风险。当用户需要招投标查询、中标分析、合同公告、拟在建项目、企业画像、招标文件解析、投标文件/标书写作审查或商机分析时触发，基于世舶科技 3.3亿+ 全国全行业实时更新招投标数据 API。覆盖全国全行业招投标数据、年度更新6600万+招投标数据、实时日更新30万+招投标商机,19,,,29752,0.772
42,beatra-ai-music-creator,skillhub-cn,乐萱同行科技（深圳）有限公司,,,,single,从一个主题、一句歌词、一段画面或参考音频开始，用AI音乐生成和AI作曲制作原创歌曲、歌词成曲、纯音乐、BGM、视频配乐、品牌音乐、广告歌、播客片头、游戏音乐和多语言歌曲。这个AI写歌工作室会先确定曲风、情绪、结构、可唱歌词、人声和编曲方向，再使用 Suno 5.5 或你明确选择的其他模型生成可试听音频。适合AI写歌词、文字生成音乐、背景音乐生成、中文歌、双语歌曲、男女对唱和参考音频改编；生成后试听,从一个主题、一句歌词、一段画面或参考音频开始，用AI音乐生成和AI作曲制作原创歌曲、歌词成曲、纯音乐、BGM、视频配乐、品牌音乐、广告歌、播客片头、游戏音乐和多语言歌曲。这个AI写歌工作室会先确定曲风、情绪、结构、可唱歌词、人声和编曲方向，再使用 Suno 5.5 或你明确选择的其他模型生成可试听音频。适合AI写歌词、文字生成音乐、背景音乐生成、中文歌、双语歌曲、男女对唱和参考音频改编；生成后试听,20,,,29745,0.771
43,lskj-official-analyze,skillhub-cn,武汉览山科技有限公司,,,,single,按行业、地区、时间、项目分类、采购分类和金额分析招投标及合同数据，输出统计口径、趋势和结构。用于行业研究、区域市场分析、招投标趋势、市场容量观察、客户结构分析和经营决策支持。需配置世舶科技 API Key 使用，面向招投标行业情报、区域市场、价格行情、客户结构和竞争格局分析，覆盖招标公告、中标公告、中标候选人、政府采购、工程建设、企业采购、采购意向、合同公告、变更公告、废标流标、拟在建项目、临期项,按行业、地区、时间、项目分类、采购分类和金额分析招投标及合同数据，输出统计口径、趋势和结构。用于行业研究、区域市场分析、招投标趋势、市场容量观察、客户结构分析和经营决策支持。需配置世舶科技 API Key 使用，面向招投标行业情报、区域市场、价格行情、客户结构和竞争格局分析，覆盖招标公告、中标公告、中标候选人、政府采购、工程建设、企业采购、采购意向、合同公告、变更公告、废标流标、拟在建项目、临期项,7,,,29725,0.77
44,tender-document-smart-parser,skillhub-cn,精英量界（武汉）工程管理有限公司,,,,single,招标文件智能解析器【世舶科技API】。需配置世舶科技 API Key 使用，面向招标文件、公告正文、采购需求附件和合同附件，抽取项目名称、采购单位、招标单位、中标单位、候选人、地区、预算金额、中标金额、采购内容、项目类型、采购分类、发布时间、开标时间、资格条件、评分标准和附件信息；适用于标讯文本结构化、项目甄别、公告分类、字段抽取、训练数据加工、投标响应准备、企业画像和市场分析。 解析结果可服务地,招标文件智能解析器【世舶科技API】。需配置世舶科技 API Key 使用，面向招标文件、公告正文、采购需求附件和合同附件，抽取项目名称、采购单位、招标单位、中标单位、候选人、地区、预算金额、中标金额、采购内容、项目类型、采购分类、发布时间、开标时间、资格条件、评分标准和附件信息；适用于标讯文本结构化、项目甄别、公告分类、字段抽取、训练数据加工、投标响应准备、企业画像和市场分析。 解析结果可服务地,19,,,29667,0.769
45,bid-proposal-smart-checker,skillhub-cn,精英量界（武汉）工程管理有限公司,,,,single,标书智能检查器。需配置世舶科技 API Key 使用。用于检查标书内容完整性、格式一致性、签章盖章、响应偏离和常见废标风险。当用户需要招投标查询、中标分析、合同公告、拟在建项目、企业画像、招标文件解析、投标文件/标书写作审查或商机分析时触发，基于世舶科技 3.3亿+ 全国全行业实时更新招投标数据 API。覆盖全国全行业招投标数据、年度更新6600万+招投标数据、实时日更新30万+招投标商机、招投标,标书智能检查器。需配置世舶科技 API Key 使用。用于检查标书内容完整性、格式一致性、签章盖章、响应偏离和常见废标风险。当用户需要招投标查询、中标分析、合同公告、拟在建项目、企业画像、招标文件解析、投标文件/标书写作审查或商机分析时触发，基于世舶科技 3.3亿+ 全国全行业实时更新招投标数据 API。覆盖全国全行业招投标数据、年度更新6600万+招投标数据、实时日更新30万+招投标商机、招投标,19,,,29513,0.766
46,tender-parser-bid-assist-ai,skillhub-cn,精英量界（武汉）工程管理有限公司,,,,single,招标文件解析投标辅助AI助手。需配置世舶科技 API Key 使用。用于解析招标文件并辅助投标准备，输出响应清单、风险点、材料要求和写作建议。当用户需要招投标查询、中标分析、合同公告、拟在建项目、企业画像、招标文件解析、投标文件/标书写作审查或商机分析时触发，基于世舶科技 3.3亿+ 全国全行业实时更新招投标数据 API。覆盖全国全行业招投标数据、年度更新6600万+招投标数据、实时日更新30万+,招标文件解析投标辅助AI助手。需配置世舶科技 API Key 使用。用于解析招标文件并辅助投标准备，输出响应清单、风险点、材料要求和写作建议。当用户需要招投标查询、中标分析、合同公告、拟在建项目、企业画像、招标文件解析、投标文件/标书写作审查或商机分析时触发，基于世舶科技 3.3亿+ 全国全行业实时更新招投标数据 API。覆盖全国全行业招投标数据、年度更新6600万+招投标数据、实时日更新30万+,19,,,29479,0.765
47,smart-bid-document-drafting-assistant,skillhub-cn,精英量界（武汉）工程管理有限公司,,,,single,智能投标文件撰写助手。需配置世舶科技 API Key 使用。用于用于撰写投标文件，帮助组织章节、补充内容、调整语气并对照招标要求响应。当用户需要招投标查询、中标分析、合同公告、拟在建项目、企业画像、招标文件解析、投标文件/标书写作审查或商机分析时触发，基于世舶科技 3.3亿+ 全国全行业实时更新招投标数据 API。覆盖全国全行业招投标数据、年度更新6600万+招投标数据、实时日更新30万+招投标商,智能投标文件撰写助手。需配置世舶科技 API Key 使用。用于用于撰写投标文件，帮助组织章节、补充内容、调整语气并对照招标要求响应。当用户需要招投标查询、中标分析、合同公告、拟在建项目、企业画像、招标文件解析、投标文件/标书写作审查或商机分析时触发，基于世舶科技 3.3亿+ 全国全行业实时更新招投标数据 API。覆盖全国全行业招投标数据、年度更新6600万+招投标数据、实时日更新30万+招投标商,19,,,29397,0.764
48,lingyi-creator-filter,skillhub-cn,零一裂变（深圳）科技有限公司,,,,single,【零一数科·出品】视频号达人筛选（付费版）。找了好几个达人想合作，但到底哪个真能带得动你的货？挑错人 = 白花钱还没转化。把产品和候选达人发给我，AI 逐个深扒每位达人的受众画像、内容调性、转化潜力，按六维评分排推荐名次，直接告诉你首选跟谁合作、为什么他最合适——再也不用凭感觉选人。报告含推荐排名、六维匹配评分、首选达人合作方案、受众画像与代表视频。触发词：视频号达人筛选、视频号达人匹配、达人筛选,【零一数科·出品】视频号达人筛选（付费版）。找了好几个达人想合作，但到底哪个真能带得动你的货？挑错人 = 白花钱还没转化。把产品和候选达人发给我，AI 逐个深扒每位达人的受众画像、内容调性、转化潜力，按六维评分排推荐名次，直接告诉你首选跟谁合作、为什么他最合适——再也不用凭感觉选人。报告含推荐排名、六维匹配评分、首选达人合作方案、受众画像与代表视频。触发词：视频号达人筛选、视频号达人匹配、达人筛选,20,,,29396,0.763
49,bid-proposal-smart-duplicate-checker,skillhub-cn,精英量界（武汉）工程管理有限公司,,,,single,标书智能查重专家。需配置世舶科技 API Key 使用。用于辅助检查标书内容重复、模板痕迹、前后不一致和可能影响评分的表达问题。当用户需要招投标查询、中标分析、合同公告、拟在建项目、企业画像、招标文件解析、投标文件/标书写作审查或商机分析时触发，基于世舶科技 3.3亿+ 全国全行业实时更新招投标数据 API。覆盖全国全行业招投标数据、年度更新6600万+招投标数据、实时日更新30万+招投标商机、招,标书智能查重专家。需配置世舶科技 API Key 使用。用于辅助检查标书内容重复、模板痕迹、前后不一致和可能影响评分的表达问题。当用户需要招投标查询、中标分析、合同公告、拟在建项目、企业画像、招标文件解析、投标文件/标书写作审查或商机分析时触发，基于世舶科技 3.3亿+ 全国全行业实时更新招投标数据 API。覆盖全国全行业招投标数据、年度更新6600万+招投标数据、实时日更新30万+招投标商机、招,19,,,29295,0.762
50,sbkj-official-subscribe,skillhub-cn,世舶科技（武汉）有限公司,,,,single,标讯搜索订阅与项目提醒是世舶科技提供的招投标信息监测能力，支持搜索、筛选、去重并整理招标公告、中标公告、采购意向、合同公告、变更公告、候选人公示等标讯数据，帮助用户快速获取符合条件的项目线索，并生成可重复执行的订阅条件和增量更新清单。 适用于查标讯、订阅标讯、每日商机推送、项目提醒、招标公告跟踪、中标结果监测、采购意向跟进、合同公告查询、按关键词持续监测、按地区持续监测和重点行业商机订阅。用户可按,标讯搜索订阅与项目提醒是世舶科技提供的招投标信息监测能力，支持搜索、筛选、去重并整理招标公告、中标公告、采购意向、合同公告、变更公告、候选人公示等标讯数据，帮助用户快速获取符合条件的项目线索，并生成可重复执行的订阅条件和增量更新清单。 适用于查标讯、订阅标讯、每日商机推送、项目提醒、招标公告跟踪、中标结果监测、采购意向跟进、合同公告查询、按关键词持续监测、按地区持续监测和重点行业商机订阅。用户可按,19,,,29293,0.761
51,smart-proposal-writing-assistant,skillhub-cn,精英量界（武汉）工程管理有限公司,,,,single,智能标书写作助手。需配置世舶科技 API Key 使用。用于面向标书写作，帮助生成技术方案、商务响应、服务承诺、项目团队和实施计划。当用户需要招投标查询、中标分析、合同公告、拟在建项目、企业画像、招标文件解析、投标文件/标书写作审查或商机分析时触发，基于世舶科技 3.3亿+ 全国全行业实时更新招投标数据 API。覆盖全国全行业招投标数据、年度更新6600万+招投标数据、实时日更新30万+招投标商机,智能标书写作助手。需配置世舶科技 API Key 使用。用于面向标书写作，帮助生成技术方案、商务响应、服务承诺、项目团队和实施计划。当用户需要招投标查询、中标分析、合同公告、拟在建项目、企业画像、招标文件解析、投标文件/标书写作审查或商机分析时触发，基于世舶科技 3.3亿+ 全国全行业实时更新招投标数据 API。覆盖全国全行业招投标数据、年度更新6600万+招投标数据、实时日更新30万+招投标商机,19,,,29153,0.759
52,zhibiao-navigation-proposal-generator,skillhub-cn,精英量界（武汉）工程管理有限公司,,,,single,智标领航标书生成助手。需配置世舶科技 API Key 使用。用于辅助生成标书内容和制作路线，适合从招标文件到投标文件初稿的快速搭建。当用户需要招投标查询、中标分析、合同公告、拟在建项目、企业画像、招标文件解析、投标文件/标书写作审查或商机分析时触发，基于世舶科技 3.3亿+ 全国全行业实时更新招投标数据 API。覆盖全国全行业招投标数据、年度更新6600万+招投标数据、实时日更新30万+招投标商机,智标领航标书生成助手。需配置世舶科技 API Key 使用。用于辅助生成标书内容和制作路线，适合从招标文件到投标文件初稿的快速搭建。当用户需要招投标查询、中标分析、合同公告、拟在建项目、企业画像、招标文件解析、投标文件/标书写作审查或商机分析时触发，基于世舶科技 3.3亿+ 全国全行业实时更新招投标数据 API。覆盖全国全行业招投标数据、年度更新6600万+招投标数据、实时日更新30万+招投标商机,19,,,29054,0.756
53,fanqiexiaoshuoxiezuo,skillhub-cn,上海劳希科技有限公司,,,,single,专为「番茄小说」平台优化的网文创作助手。支持各题材，单部 10-200 章，结尾悬念钩子，强化情绪拉扯/爆点分布，深度润色去 AI 味。爽文长篇的连续性工程与番茄平台数据化写法。仅在用户明确指向番茄小说创作、创作网文、分章节写作、连续剧情、章节悬念、长篇小说时使用。对非番茄平台需求（晋江/起点/公众号/通用小说创作）不触发。,专为「番茄小说」平台优化的网文创作助手。支持各题材，单部 10-200 章，结尾悬念钩子，强化情绪拉扯/爆点分布，深度润色去 AI 味。爽文长篇的连续性工程与番茄平台数据化写法。仅在用户明确指向番茄小说创作、创作网文、分章节写作、连续剧情、章节悬念、长篇小说时使用。对非番茄平台需求（晋江/起点/公众号/通用小说创作）不触发。,17,,,29047,0.755
54,tender-document-smart-interpreter,skillhub-cn,精英量界（武汉）工程管理有限公司,,,,single,招标文件智能解读器。需配置世舶科技 API Key 使用，用于面向招标文件解读，帮助用清晰语言说明项目要求、资格门槛、评分重点和投标注意事项。当用户需要招投标查询、中标分析、合同公告、拟在建项目、采购单位画像、供应商画像、商机发现、市场趋势或企业招投标数据分析时触发。基于世舶科技全国全行业招投标数据 API，覆盖累计3.3亿+招投标信息、年度更新6600万+招投标数据、实时日更新30万+招投标商机,招标文件智能解读器。需配置世舶科技 API Key 使用，用于面向招标文件解读，帮助用清晰语言说明项目要求、资格门槛、评分重点和投标注意事项。当用户需要招投标查询、中标分析、合同公告、拟在建项目、采购单位画像、供应商画像、商机发现、市场趋势或企业招投标数据分析时触发。基于世舶科技全国全行业招投标数据 API，覆盖累计3.3亿+招投标信息、年度更新6600万+招投标数据、实时日更新30万+招投标商机,19,,,29032,0.754
55,bid-query-analysis-workbench,skillhub-cn,精英量界（武汉）工程管理有限公司,,,,single,招中标查询分析工作台。需配置世舶科技 API Key 使用，适合日常查标、结果整理、商机复盘和客户研究，支持检索招标公告、中标公告、中标候选人、政府采购、工程建设、企业采购、采购意向、合同公告、变更公告、废标流标、拟在建项目、临期项目、即将到期项目。可围绕地区、行业、时间、项目分类、采购分类、采购单位、中标单位、供应商、企业名称、标的物、项目金额、发布时间、开标时间输出项目清单、筛选口径、统计摘要,招中标查询分析工作台。需配置世舶科技 API Key 使用，适合日常查标、结果整理、商机复盘和客户研究，支持检索招标公告、中标公告、中标候选人、政府采购、工程建设、企业采购、采购意向、合同公告、变更公告、废标流标、拟在建项目、临期项目、即将到期项目。可围绕地区、行业、时间、项目分类、采购分类、采购单位、中标单位、供应商、企业名称、标的物、项目金额、发布时间、开标时间输出项目清单、筛选口径、统计摘要,19,,,28992,0.753
56,official-project,skillhub-cn,世舶科技（武汉）有限公司,,,,single,拟在建项目发现与前期商机挖掘是世舶科技（武汉）有限公司提供的工程项目前期线索分析能力，支持搜索拟在建项目、立项项目、筹建项目、规划项目和即将招标项目，获取建设单位、项目地区、项目正文、项目阶段、投资金额、行业分类、相关附件等信息，帮助企业提前发现工程建设机会和潜在采购需求。 适用于拟在建项目查询、工程前期线索挖掘、项目立项跟踪、建设单位获客、重点项目监控、设备材料前置销售和投标前置布局。用户可通过,拟在建项目发现与前期商机挖掘是世舶科技（武汉）有限公司提供的工程项目前期线索分析能力，支持搜索拟在建项目、立项项目、筹建项目、规划项目和即将招标项目，获取建设单位、项目地区、项目正文、项目阶段、投资金额、行业分类、相关附件等信息，帮助企业提前发现工程建设机会和潜在采购需求。 适用于拟在建项目查询、工程前期线索挖掘、项目立项跟踪、建设单位获客、重点项目监控、设备材料前置销售和投标前置布局。用户可通过,19,,,28823,0.751
57,bid-proposal-smart-generator,skillhub-cn,精英量界（武汉）工程管理有限公司,,,,single,标书智能生成助手。需配置世舶科技 API Key 使用。用于生成标书初稿、章节内容、响应说明和附件清单，适合快速搭建投标文件框架。当用户需要招投标查询、中标分析、合同公告、拟在建项目、企业画像、招标文件解析、投标文件/标书写作审查或商机分析时触发，基于世舶科技 3.3亿+ 全国全行业实时更新招投标数据 API。覆盖全国全行业招投标数据、年度更新6600万+招投标数据、实时日更新30万+招投标商机、,标书智能生成助手。需配置世舶科技 API Key 使用。用于生成标书初稿、章节内容、响应说明和附件清单，适合快速搭建投标文件框架。当用户需要招投标查询、中标分析、合同公告、拟在建项目、企业画像、招标文件解析、投标文件/标书写作审查或商机分析时触发，基于世舶科技 3.3亿+ 全国全行业实时更新招投标数据 API。覆盖全国全行业招投标数据、年度更新6600万+招投标数据、实时日更新30万+招投标商机、,19,,,28810,0.749
58,bid-document-smart-writing-desk,skillhub-cn,精英量界（武汉）工程管理有限公司,,,,single,投标文件智能写作台。需配置世舶科技 API Key 使用。用于用于投标文件内容撰写、章节扩写、技术方案整理和商务响应优化。当用户需要招投标查询、中标分析、合同公告、拟在建项目、企业画像、招标文件解析、投标文件/标书写作审查或商机分析时触发，基于世舶科技 3.3亿+ 全国全行业实时更新招投标数据 API。覆盖全国全行业招投标数据、年度更新6600万+招投标数据、实时日更新30万+招投标商机、招投标数,投标文件智能写作台。需配置世舶科技 API Key 使用。用于用于投标文件内容撰写、章节扩写、技术方案整理和商务响应优化。当用户需要招投标查询、中标分析、合同公告、拟在建项目、企业画像、招标文件解析、投标文件/标书写作审查或商机分析时触发，基于世舶科技 3.3亿+ 全国全行业实时更新招投标数据 API。覆盖全国全行业招投标数据、年度更新6600万+招投标数据、实时日更新30万+招投标商机、招投标数,19,,,28782,0.748
59,chain-enterprise-bid-ai-generato,skillhub-cn,精英量界（武汉）工程管理有限公司,,,,single,链企标书AI生成器。需配置世舶科技 API Key 使用。用于面向企业标书生成场景，帮助根据企业信息、招标要求和历史材料生成投标内容。当用户需要招投标查询、中标分析、合同公告、拟在建项目、企业画像、招标文件解析、投标文件/标书写作审查或商机分析时触发，基于世舶科技 3.3亿+ 全国全行业实时更新招投标数据 API。覆盖全国全行业招投标数据、年度更新6600万+招投标数据、实时日更新30万+招投标商,链企标书AI生成器。需配置世舶科技 API Key 使用。用于面向企业标书生成场景，帮助根据企业信息、招标要求和历史材料生成投标内容。当用户需要招投标查询、中标分析、合同公告、拟在建项目、企业画像、招标文件解析、投标文件/标书写作审查或商机分析时触发，基于世舶科技 3.3亿+ 全国全行业实时更新招投标数据 API。覆盖全国全行业招投标数据、年度更新6600万+招投标数据、实时日更新30万+招投标商,19,,,28655,0.746
60,bid-proposal-verification-tool,skillhub-cn,精英量界（武汉）工程管理有限公司,,,,single,标书核对校验工具。需配置世舶科技 API Key 使用。用于核对标书与招标文件要求是否一致，检查目录、页码、响应点、附件和签章盖章。当用户需要招投标查询、中标分析、合同公告、拟在建项目、企业画像、招标文件解析、投标文件/标书写作审查或商机分析时触发，基于世舶科技 3.3亿+ 全国全行业实时更新招投标数据 API。覆盖全国全行业招投标数据、年度更新6600万+招投标数据、实时日更新30万+招投标商机,标书核对校验工具。需配置世舶科技 API Key 使用。用于核对标书与招标文件要求是否一致，检查目录、页码、响应点、附件和签章盖章。当用户需要招投标查询、中标分析、合同公告、拟在建项目、企业画像、招标文件解析、投标文件/标书写作审查或商机分析时触发，基于世舶科技 3.3亿+ 全国全行业实时更新招投标数据 API。覆盖全国全行业招投标数据、年度更新6600万+招投标数据、实时日更新30万+招投标商机,19,,,28579,0.745
61,bid-document-auto-generator,skillhub-cn,精英量界（武汉）工程管理有限公司,,,,single,投标文件自动生成工具。需配置世舶科技 API Key 使用。用于根据招标文件和企业材料自动生成投标文件初稿、响应表和材料清单。当用户需要招投标查询、中标分析、合同公告、拟在建项目、企业画像、招标文件解析、投标文件/标书写作审查或商机分析时触发，基于世舶科技 3.3亿+ 全国全行业实时更新招投标数据 API。覆盖全国全行业招投标数据、年度更新6600万+招投标数据、实时日更新30万+招投标商机、招投,投标文件自动生成工具。需配置世舶科技 API Key 使用。用于根据招标文件和企业材料自动生成投标文件初稿、响应表和材料清单。当用户需要招投标查询、中标分析、合同公告、拟在建项目、企业画像、招标文件解析、投标文件/标书写作审查或商机分析时触发，基于世舶科技 3.3亿+ 全国全行业实时更新招投标数据 API。覆盖全国全行业招投标数据、年度更新6600万+招投标数据、实时日更新30万+招投标商机、招投,19,,,28505,0.744
62,bid-business-intelligence-assistant,skillhub-cn,精英量界（武汉）工程管理有限公司,,,,single,招投标商情与市场机会分析。需配置世舶科技 API Key 使用，面向行业研究、区域市场分析、客户结构拆解和竞品动态观察，支持从招标公告、中标公告、政府采购、工程建设、企业采购、采购意向、合同公告、变更公告、废标流标、拟在建项目、临期项目、即将到期项目中归集商情线索。可按地区、行业、时间、项目分类、采购分类、采购单位、中标单位、供应商、标的物、项目金额、发布时间和开标时间统计市场规模、采购趋势、To,招投标商情与市场机会分析。需配置世舶科技 API Key 使用，面向行业研究、区域市场分析、客户结构拆解和竞品动态观察，支持从招标公告、中标公告、政府采购、工程建设、企业采购、采购意向、合同公告、变更公告、废标流标、拟在建项目、临期项目、即将到期项目中归集商情线索。可按地区、行业、时间、项目分类、采购分类、采购单位、中标单位、供应商、标的物、项目金额、发布时间和开标时间统计市场规模、采购趋势、To,19,,,28502,0.743
63,precision-bid-customer-ai-engine,skillhub-cn,精英量界（武汉）工程管理有限公司,,,,single,精准寻标获客AI引擎。需配置世舶科技 API Key 使用，用于精准寻找招标项目和潜在客户，帮助按关键词、行业、地区和采购方筛选获客线索。当用户需要招投标查询、中标分析、合同公告、拟在建项目、采购单位画像、供应商画像、商机发现、市场趋势或企业招投标数据分析时触发。基于世舶科技全国全行业招投标数据 API，覆盖累计3.3亿+招投标信息、年度更新6600万+招投标数据、实时日更新30万+招投标商机、1,精准寻标获客AI引擎。需配置世舶科技 API Key 使用，用于精准寻找招标项目和潜在客户，帮助按关键词、行业、地区和采购方筛选获客线索。当用户需要招投标查询、中标分析、合同公告、拟在建项目、采购单位画像、供应商画像、商机发现、市场趋势或企业招投标数据分析时触发。基于世舶科技全国全行业招投标数据 API，覆盖累计3.3亿+招投标信息、年度更新6600万+招投标数据、实时日更新30万+招投标商机、1,19,,,28489,0.741
64,tender-document-smart-reviewer,skillhub-cn,精英量界（武汉）工程管理有限公司,,,,single,招标文件智能审查官。需配置世舶科技 API Key 使用，用于审查招标文件中的资格条件、评分办法、响应要求、时间节点和潜在风险。当用户需要招投标查询、中标分析、合同公告、拟在建项目、采购单位画像、供应商画像、商机发现、市场趋势或企业招投标数据分析时触发。基于世舶科技全国全行业招投标数据 API，覆盖累计3.3亿+招投标信息、年度更新6600万+招投标数据、实时日更新30万+招投标商机、10万+源头,招标文件智能审查官。需配置世舶科技 API Key 使用，用于审查招标文件中的资格条件、评分办法、响应要求、时间节点和潜在风险。当用户需要招投标查询、中标分析、合同公告、拟在建项目、采购单位画像、供应商画像、商机发现、市场趋势或企业招投标数据分析时触发。基于世舶科技全国全行业招投标数据 API，覆盖累计3.3亿+招投标信息、年度更新6600万+招投标数据、实时日更新30万+招投标商机、10万+源头,19,,,28318,0.739
65,lingyi-wx-account-quick-analysis,skillhub-cn,零一裂变（深圳）科技有限公司,,,,single,【零一数科·出品】：微信视频号账号拆解（轻量版）。发一个视频号账号名，几分钟拿到一份账号快拆报告——账号总览/受众画像/内容矩阵/爆款公式/对标竞品/运营建议，照着爆款路径抄起号模板。触发词：视频号账号快拆、账号快拆、快速拆解视频号账号、快拆账号。,【零一数科·出品】：微信视频号账号拆解（轻量版）。发一个视频号账号名，几分钟拿到一份账号快拆报告——账号总览/受众画像/内容矩阵/爆款公式/对标竞品/运营建议，照着爆款路径抄起号模板。触发词：视频号账号快拆、账号快拆、快速拆解视频号账号、快拆账号。,17,,,27760,0.735
66,biaoshu-bailian,skillhub-cn,北京百炼智能科技有限公司,,,,single,百炼®标书是一个面向投标场景标书写作的skill，可以帮用户完成三件事：解读招标文件、生成投标文件、审查投标文件合规风险。它适合用自然语言直接协作，用户只要提供文件和需求，就能拿到解读结果、成品标书和审查报告。百炼®标书官网:https://biaoshu.zhiliaobiaoxun.com,百炼®标书是一个面向投标场景标书写作的skill，可以帮用户完成三件事：解读招标文件、生成投标文件、审查投标文件合规风险。它适合用自然语言直接协作，用户只要提供文件和需求，就能拿到解读结果、成品标书和审查报告。百炼®标书官网:https://biaoshu.zhiliaobiaoxun.com,12,,,27046,0.727
67,lingyi-wx-video-oral-seeding-script-plus,skillhub-cn,零一裂变（深圳）科技有限公司,,,,single,【零一数科·出品】视频号口播种草脚本生成。一条链接二创脚本，丢进爆款视频号链接即以此骨架改写成你的口播种草脚本，或按方向/目的/商品原创多条口播种草脚本（含分段表、口播全文、六维质检评分）。,【零一数科·出品】视频号口播种草脚本生成。一条链接二创脚本，丢进爆款视频号链接即以此骨架改写成你的口播种草脚本，或按方向/目的/商品原创多条口播种草脚本（含分段表、口播全文、六维质检评分）。,20,,,26274,0.722
68,lingyi-member-system-setup,skillhub-cn,零一裂变（深圳）科技有限公司,,,,single,【零一数科·出品】会员体系搭建（免费版）。为私域用户设计会员体系搭建，产出会员等级成长表、积分获取消耗规则表、权益配置矩阵、积分财务测算表四件套。适用于会员积分体系设计、会员等级阶梯、成长值规则、权益配置、积分获取与消耗、积分财务测算、私域会员运营。,【零一数科·出品】会员体系搭建（免费版）。为私域用户设计会员体系搭建，产出会员等级成长表、积分获取消耗规则表、权益配置矩阵、积分财务测算表四件套。适用于会员积分体系设计、会员等级阶梯、成长值规则、权益配置、积分获取与消耗、积分财务测算、私域会员运营。,17,,,26267,0.721
69,lingyi-forbidden-word-detect-optimize,skillhub-cn,零一裂变（深圳）科技有限公司,,,,single,【零一数科·出品】违禁词检测+优化（付费版）。把一份待发布文案按「法规合规层→平台规则层→内容质量层」三层结构做发布前质检，逐条问题用三栏对照（违规原句位置→违反条款→合规改法建议）+风险分级，给质检结论与修改记录。适用于违禁词检测+优化、内容审核、违禁词检测、发布前合规检查、新媒体文案合规、广告法自查、平台限流词排查。,【零一数科·出品】违禁词检测+优化（付费版）。把一份待发布文案按「法规合规层→平台规则层→内容质量层」三层结构做发布前质检，逐条问题用三栏对照（违规原句位置→违反条款→合规改法建议）+风险分级，给质检结论与修改记录。适用于违禁词检测+优化、内容审核、违禁词检测、发布前合规检查、新媒体文案合规、广告法自查、平台限流词排查。,17,,,25041,0.709
70,zhuangqiancha,skillhub-cn,,,,,single,中文 Agent 工具（Skill、MCP、插件...）安全风险查询。 当用户想了解某个 AI 工具是否安全、查「XX 工具安全吗」「这个 skill 有风险吗」「XX 作者出过哪些高风险工具」、 或需要按风险/来源浏览中文 Agent 工具生态时使用。数据来自装前查（zhuangqiancha.com）基于公开代码与声明的独立评估， 涵盖权限透明、隐私去向、作者信誉、安全档位四个维度。零 API,中文 Agent 工具（Skill、MCP、插件...）安全风险查询。当用户想了解某个 AI 工具是否安全、查「XX 工具安全吗」「这个 skill 有风险吗」「XX 作者出过哪些高风险工具」、或需要按风险/来源浏览中文 Agent 工具生态时使用。数据来自装前查（zhuangqiancha.com）基于公开代码与声明的独立评估，涵盖权限透明、隐私去向、作者信誉、安全档位四个维度。零 API Ke,20,,,24909,0.706
71,lingyi-cross-domain-synergy-plan,skillhub-cn,零一裂变（深圳）科技有限公司,,,,single,【零一数科·出品】公私域联动方案生成（免费版）。梳理公众号、视频号、企微、社群、小程序、商城、线下活动等触点，设计公域种草→私域沉淀→小程序承接→会员成长链路，产出触点地图、承接链路图、渠道优先级、承接期触达 SOP 四件套。适用于公私域触点盘点、私域承接链路设计、渠道优先级评估、新客承接 SOP、公转私沉淀、触点割裂诊断。,【零一数科·出品】公私域联动方案生成（免费版）。梳理公众号、视频号、企微、社群、小程序、商城、线下活动等触点，设计公域种草→私域沉淀→小程序承接→会员成长链路，产出触点地图、承接链路图、渠道优先级、承接期触达 SOP 四件套。适用于公私域触点盘点、私域承接链路设计、渠道优先级评估、新客承接 SOP、公转私沉淀、触点割裂诊断。,17,,,24108,0.697
72,prc-labor-law-resolution,skillhub-cn,,,,,single,"This skill should be used for China mainland employment and labor-law questions requiring verified official Chinese sources, urgent evidence preservation, plain-language or zero-parameter intake, mult",本技能用于处理国内劳动用工与劳动争议问题，要求核验现行法律依据，识别争议焦点，规划证据，测算请求金额，并提供协商、劳动监察、调解、仲裁、诉讼及执行方案。适用于辞退、辞职、工资、加班、休假、社会保险、工伤、劳务派遣、平台用工、竞业限制、规章制度、劳动合同审查和企业用工合规等场景。不适用于非中国法律问题，以及纯刑事、税务、公司、移民或一般民事问题，但可识别跨领域衔接事项。,19,,,24041,0.694
73,implement-spec,skills.sh,mattpocock,mattpocock/skills,,https://www.skills.sh/mattpocock/skills/implement-spec,single,,,15,66425,,,0.689
74,lingyi-user-persona-and-crowd-insight,skillhub-cn,零一裂变（深圳）科技有限公司,,,,single,【零一数科·出品】用户画像与人群洞察 / User Persona & Crowd Insight（免费版）。盘点数据与画像就绪度，设计标签体系、分群模型、代表性画像与人群洞察，产出可被推荐/营销/内容/产品复用的画像资产及洞察→运营动作回路。适用于用户画像、人群洞察、标签体系、用户分群、精准营销前人群定义、画像落地。,【零一数科·出品】用户画像与人群洞察 / User Persona & Crowd Insight（免费版）。盘点数据与画像就绪度，设计标签体系、分群模型、代表性画像与人群洞察，产出可被推荐/营销/内容/产品复用的画像资产及洞察→运营动作回路。适用于用户画像、人群洞察、标签体系、用户分群、精准营销前人群定义、画像落地。,17,,,23205,0.688
75,qimaoxiaoshuoxiezuo,skillhub-cn,北京达维时代科技有限公司,,,,single,专为「七猫免费小说」平台优化的分章节网文创作助手，基于七猫平台特性与畅销榜实战优化设计|单章完整爽点闭环（欺-打-悬）、第1章即小爆点、章末强钩子、可分享金句、适合短剧化/改编的强对话强冲突，以及稳定日更万字的全勤友好产出。内置生产级质量保障：卷级章节规划、九维度审查（含七猫专属维度）、.learnings 连续性记忆系统、关键情节 Mermaid 图解，确保长篇不写偏、不穿帮、不重复。仅在用户明,专为「七猫免费小说」平台优化的分章节网文创作助手，基于七猫平台特性与畅销榜实战优化设计|单章完整爽点闭环（欺-打-悬）、第1章即小爆点、章末强钩子、可分享金句、适合短剧化/改编的强对话强冲突，以及稳定日更万字的全勤友好产出。内置生产级质量保障：卷级章节规划、九维度审查（含七猫专属维度）、.learnings 连续性记忆系统、关键情节 Mermaid 图解，确保长篇不写偏、不穿帮、不重复。仅在用户明,13,,,23143,0.686
76,lingyi-live-script-creation,skillhub-cn,零一裂变（深圳）科技有限公司,,,,single,【零一数科·出品】直播脚本创作（免费版）。从带货品类/主题产出一整套可落地执行的直播脚本四件套——整场节奏脚本表、单品讲解话术表、话术分类库、合规约束清单。适用于直播脚本创作、带货话术、直播流程设计、直播间互动设计、逼单话术、主播口播稿、直播脚本模板。,【零一数科·出品】直播脚本创作（免费版）。从带货品类/主题产出一整套可落地执行的直播脚本四件套——整场节奏脚本表、单品讲解话术表、话术分类库、合规约束清单。适用于直播脚本创作、带货话术、直播流程设计、直播间互动设计、逼单话术、主播口播稿、直播脚本模板。,17,,,23139,0.685
77,stock-value-invest,skillhub-cn,上海劳希科技有限公司,,,,single,"一个""能算、能查、还能把脉""的价值投资分析助手。融合邱国鹭《投资中最简单的事》""三好原则""(好行业/好公司/好价格)、帕特·多尔西《股市真规则》护城河框架、安全边际思想，叠加一套可复现的量化硬模型(反向DCF/EPV/情景加权/杜邦/ROIC-WACC/Piotroski F-Score/Beneish M-Score/Altman Z-Score/盈余质量/时间序列)，并可选接入巴菲特·芒格·段","一个""能算、能查、还能把脉""的价值投资分析助手。融合邱国鹭《投资中最简单的事》""三好原则""(好行业/好公司/好价格)、帕特·多尔西《股市真规则》护城河框架、安全边际思想，叠加一套可复现的量化硬模型(反向DCF/EPV/情景加权/杜邦/ROIC-WACC/Piotroski F-Score/Beneish M-Score/Altman Z-Score/盈余质量/时间序列)，并可选接入巴菲特·芒格·段",13,,,23136,0.684
78,lingyi-wx-video-script-creator-ultra,skillhub-cn,零一裂变（深圳）科技有限公司,,,,single,【零一数科·出品】视频号爆款文案生成。一条链接二创脚本，丢进爆款视频号链接即以此骨架改写成你的视频脚本，或按方向/目的/商品原创多条视频脚本（含分段表、脚本全文、六维质检评分）。,【零一数科·出品】视频号爆款文案生成。一条链接二创脚本，丢进爆款视频号链接即以此骨架改写成你的视频脚本，或按方向/目的/商品原创多条视频脚本（含分段表、脚本全文、六维质检评分）。,17,,,22948,0.681
79,lingyi-wecom-ops-plan-generator,skillhub-cn,零一裂变（深圳）科技有限公司,,,,single,【零一数科·出品】企微运营方案生成（免费版）。把企微分层客户翻译成符合官方频次/合规约束的触达动作，产出分人群触点编排矩阵、话术填充表、频次排程表、合规折叠校验清单四件套。适用于企微1v1私聊触达SOP、朋友圈分人群发、群发精准触达、触达动作落版、企微频次额度分配、防折叠防封号。免登录免 Key、纯本地方法论产出。,【零一数科·出品】企微运营方案生成（免费版）。把企微分层客户翻译成符合官方频次/合规约束的触达动作，产出分人群触点编排矩阵、话术填充表、频次排程表、合规折叠校验清单四件套。适用于企微1v1私聊触达SOP、朋友圈分人群发、群发精准触达、触达动作落版、企微频次额度分配、防折叠防封号。免登录免 Key、纯本地方法论产出。,17,,,22071,0.664
80,lingyi-one-click-rewrite-multi-publish,skillhub-cn,零一裂变（深圳）科技有限公司,,,,single,【零一数科·出品】一键改稿多平台分发（免费版）。面向新媒体运营与内容编辑，把一篇原稿按四平台调性差异化改写为可直接发布的分版本，并做合规自检（导流容忍度/违禁词/篇幅）。,【零一数科·出品】一键改稿多平台分发（免费版）。面向新媒体运营与内容编辑，把一篇原稿按四平台调性差异化改写为可直接发布的分版本，并做合规自检（导流容忍度/违禁词/篇幅）。,17,,,21909,0.662
81,is-this-photo-real,skills.sh,useosint,useosint/skills,,https://www.skills.sh/useosint/skills/is-this-photo-real,single,,,12,58118,,,0.655
82,investigate-without-getting-made,skills.sh,useosint,useosint/skills,,https://www.skills.sh/useosint/skills/investigate-without-getting-made,single,,,12,58044,,,0.654
83,what-leaked-about-you,skills.sh,useosint,useosint/skills,,https://www.skills.sh/useosint/skills/what-leaked-about-you,single,,,12,57626,,,0.653
84,lingyi-short-video-content-audit,skillhub-cn,零一裂变（深圳）科技有限公司,,,,single,【零一数科·出品】短视频内容审核（文案/画面/声音）（付费版）。视频发布前内容合规质检。支持口播文本或本地视频上传；文本层实质质检+画面声音人工复核清单+总判定。触发词：短视频内容审核、口播合规、发布前违禁词、广告法视频。,【零一数科·出品】短视频内容审核（文案/画面/声音）（付费版）。视频发布前内容合规质检。支持口播文本或本地视频上传；文本层实质质检+画面声音人工复核清单+总判定。触发词：短视频内容审核、口播合规、发布前违禁词、广告法视频。,17,,,21558,0.652
85,find-the-original-image,skills.sh,useosint,useosint/skills,,https://www.skills.sh/useosint/skills/find-the-original-image,single,,,12,56380,,,0.647
86,lingyi-private-domain-activity-planner,skillhub-cn,零一裂变（深圳）科技有限公司,,,,single,【零一数科·出品】私域活动策划（免费版）。为私域会员设计内容栏目与互动活动，产出月度内容排期、活动方案、玩法机制、物料清单四件套。适用于会员促活排期、会员日策划、节日活动、UGC机制设计、内容栏目搭建、互动玩法与裂变任务、物料清单筹备。,【零一数科·出品】私域活动策划（免费版）。为私域会员设计内容栏目与互动活动，产出月度内容排期、活动方案、玩法机制、物料清单四件套。适用于会员促活排期、会员日策划、节日活动、UGC机制设计、内容栏目搭建、互动玩法与裂变任务、物料清单筹备。,17,,,21329,0.647
87,lingyi-private-domain-tag-system-build,skillhub-cn,零一裂变（深圳）科技有限公司,,,,single,【零一数科·出品】私域标签体系搭建（免费版）。从0搭建可落地、可治理、不腐烂的私域标签体系，产出标签分级架构、标签字典与元数据（18字段）、治理SOP、落地实施路线四件套。适用于私域标签体系搭建、标签字典设计、标签治理、标签架构规划、打标方式矩阵、标签资产盘点。免登录免 Key、本地方法论产出。,【零一数科·出品】私域标签体系搭建（免费版）。从0搭建可落地、可治理、不腐烂的私域标签体系，产出标签分级架构、标签字典与元数据（18字段）、治理SOP、落地实施路线四件套。适用于私域标签体系搭建、标签字典设计、标签治理、标签架构规划、打标方式矩阵、标签资产盘点。免登录免 Key、本地方法论产出。,17,,,21253,0.646
88,lark-meeting,skills.sh,open.feishu.cn,open.feishu.cn,,https://www.skills.sh/open.feishu.cn/lark-meeting,single,,,15,56098,,,0.645
89,lingyi-article-sticker-viral-generator,skillhub-cn,零一裂变（深圳）科技有限公司,,,,single,【零一数科·出品】公众号贴图号爆款生成（付费版）。输入选题、产品卖点、目标受众，一键生成可直接发布的贴图号/公众号爆款图文（封面图+内文配图+正文+候选标题，渲染成 Markdown）。贴图号生成、公众号图文生成、爆款图文生成。需要 python3 和技能目录下 config.json 中的 LY_API_KEY。,【零一数科·出品】公众号贴图号爆款生成（付费版）。输入选题、产品卖点、目标受众，一键生成可直接发布的贴图号/公众号爆款图文（封面图+内文配图+正文+候选标题，渲染成 Markdown）。贴图号生成、公众号图文生成、爆款图文生成。需要 python3 和技能目录下 config.json 中的 LY_API_KEY。,17,,,20532,0.635
90,handwritten-newspaper-template-generator-showapi,skillhub-cn,昆明秀派科技有限公司,,,,single,根据主题、年级和画面比例，自动生成符合A4打印标准的手抄报黑白线稿模板；适用于小学手抄报作业辅助、主题黑板报线稿设计、儿童涂色填字模板生成场景,根据主题、年级和画面比例，自动生成符合A4打印标准的手抄报黑白线稿模板；适用于小学手抄报作业辅助、主题黑板报线稿设计、儿童涂色填字模板生成场景,7,,,20407,0.63
91,zy930511,skillhub-cn,,,,,single,以书铸魂技能。输入一本书（PDF/EPUB/TXT/书名/作者），深度蒸馏书中的方法论、思维模型、决策启发式与表达风格，自动生成一个以该书或作者思想为核心人设的新 Skill（含 YAML 头 + 角色定义 + 心智模型 + 决策启发式 + 表达DNA + 触发词），并可输出可视化思维框架图。适合把《穷查理宝典》《原则》《思考快与慢》等经典书籍变成可调用的思维顾问、方法执行器或表达风格体。触发词：,以书铸魂技能：输入一本书（PDF/EPUB/TXT/书名/作者），深度蒸馏书中的方法论、思维模型、决策启发式与表达风格，自动生成一个以该书或作者思想为核心人设的新 Skill（带标准 YAML 头，可直接上传 SkillHub）。一本书 = 一个思想系统，把《穷查理宝典》《原则》《原子习惯》变成能替你思考、帮你决策、模仿作者风格的 AI 顾问。蒸馏不是摘抄，是提魂。,4,,,20367,0.624
92,qushuiyin,skillhub-cn,上海劳希科技有限公司,,,,single,免费去除图片和视频中的水印，全程本地处理、不依赖付费API、不上传任何素材。图片基于 OpenCV 图像修复（inpainting），支持包围盒/掩膜/批量；视频基于 FFmpeg delogo 插值去标、裁剪去标、局部模糊三种模式，一次去除指定区域的水印。当用户说「去掉图片水印」「视频去水印」「去除Logo」「去掉角标」「把水印抹掉」「去除片头台标」「免费去水印」等时使用。,免费去除图片和视频中的水印，全程本地处理、不依赖付费API、不上传任何素材。图片基于 OpenCV 图像修复（inpainting），支持包围盒/掩膜/批量；视频基于 FFmpeg delogo 插值去标、裁剪去标、局部模糊三种模式，一次去除指定区域的水印。当用户说「去掉图片水印」「视频去水印」「去除Logo」「去掉角标」「把水印抹掉」「去除片头台标」「免费去水印」等时使用。,12,,,20302,0.623
93,thesis-writing-companion,skillhub-cn,上海劳希科技有限公司,,,,single,论文写作全流程助手。覆盖从选题、开题、文献综述、研究方法、写作、修改润色、查重与 AIGC 检测、答辩到发表的完整论文生命周期；支持多语言（中文 / English / 日本語 / 한국어 / Français / Deutsch / Español / Português / Русский / العربية / Italiano）与 36 个学科，零配置、无需任何 外部密钥或付费接口 即可使,论文写作全流程助手。覆盖从选题、开题、文献综述、研究方法、写作、修改润色、查重与 AIGC 检测、答辩到发表的完整论文生命周期；支持多语言（中文 / English / 日本語 / 한국어 / Français / Deutsch / Español / Português / Русский / العربية / Italiano）与 36 个学科，零配置、无需任何 外部密钥或付费接口 即可使,11,,,20195,0.621
94,retro,skills.sh,mattpocock,mattpocock/skills,,https://www.skills.sh/mattpocock/skills/retro,single,,,12,52703,,,0.616
95,hongguozhoubao,skillhub-cn,上海劳希科技有限公司,,,,single,基于红果短剧官方周榜数据，生成本周短剧市场行情周报。当用户需要了解最近一周短剧市场整体情况、热播题材、TOP 榜单、新剧爆款、标签趋势、选题方向时使用。可指定历史周生成对应周报。,基于红果短剧官方周榜数据，生成本周短剧市场行情周报。当用户需要了解最近一周短剧市场整体情况、热播题材、TOP 榜单、新剧爆款、标签趋势、选题方向时使用。可指定历史周生成对应周报。,16,,,19787,0.614
96,code-review93,skillhub-cn,,,,,single,AI生成代码的七维审查清单与审计工作流（只读出清单、不动手修）。Use when 用户说review代码、代码审查、代码体检、审查这份代码、看看代码有没有问题、帮我把关代码质量、交付前自检。不管修复实施（清单确认后走正常编码流程）、不管skill写作、不管渗透测试与性能调优的实施。,AI生成代码的七维审查清单与审计工作流（只读出清单、不动手修）。Use when 用户说review代码、代码审查、代码体检、审查这份代码、看看代码有没有问题、帮我把关代码质量、交付前自检。不管修复实施（清单确认后走正常编码流程）、不管skill写作、不管渗透测试与性能调优的实施。,6,,,19778,0.613
97,tizhineigongwenxiezuopaiban,skillhub-cn,上海劳希科技有限公司,,,,single,体制内公文写作与排版助手（写作+排版）。覆盖 20+ 文种（通知/通报/报告/请示/批复/函/纪要/决定/通告/公告/意见/议案/方案/计划/总结/简报/讲话/汇报/调研/信访/公开信/理论评论等）的起草、改写、润色、降AI味与格式校核，并可直接生成符合 GB/T 9704-2012 国家标准的 Word 文档。当用户提到以下任一关键词或场景时必须使用：公文写作、政府公文、机关公文、体制内写作、汇,体制内公文写作与排版助手（写作+排版）。覆盖 20+ 文种（通知/通报/报告/请示/批复/函/纪要/决定/通告/公告/意见/议案/方案/计划/总结/简报/讲话/汇报/调研/信访/公开信/理论评论等）的起草、改写、润色、降AI味与格式校核，并可直接生成符合 GB/T 9704-2012 国家标准的 Word 文档。当用户提到以下任一关键词或场景时必须使用：公文写作、政府公文、机关公文、体制内写作、汇,12,,,19533,0.607
98,pdf-tupianwenzitiqu,skillhub-cn,上海劳希科技有限公司,,,,single,从 PDF、扫描文档和图片中可靠恢复可读文字与版面结构。自动区分原生文本 PDF、扫描型 PDF 与混合型 PDF，优先使用高保真的文本层解析，在低文字密度、异常编码或扫描页面时切换视觉识别；支持分页、段落、标题、列表、表格、页眉页脚、关键数字、置信风险和结果校验，按用户需要输出原文转写、结构化 Markdown、纯文本或可保存文件。适用于合同、论文、票据、表单、截图、扫描件、书页和多页资料。,从 PDF、扫描文档和图片中可靠恢复可读文字与版面结构。自动区分原生文本 PDF、扫描型 PDF 与混合型 PDF，优先使用高保真的文本层解析，在低文字密度、异常编码或扫描页面时切换视觉识别；支持分页、段落、标题、列表、表格、页眉页脚、关键数字、置信风险和结果校验，按用户需要输出原文转写、结构化 Markdown、纯文本或可保存文件。适用于合同、论文、票据、表单、截图、扫描件、书页和多页资料。,13,,,19389,0.602
99,beatra-ai-video-studio,skillhub-cn,乐萱同行科技（深圳）有限公司,,,,single,从一段镜头描述、一张图片、首尾帧、参考素材或已有视频出发，规划并制作短视频。Beatra AI视频工作室支持文生视频、图生视频、参考生视频、首尾帧视频、AI视频编辑和AI视频延长，覆盖产品视频、广告创意、社交短视频、AI空镜素材、转场、揭示和电影感概念镜头。交付后检查动作、主体稳定性、运镜、连续性与发布场景；如果请求或结果包含音频，也一并检查音频，再决定最小有效的修改、延长或重新生成。,从一段镜头描述、一张图片、首尾帧、参考素材或已有视频出发，规划并制作短视频。Beatra AI视频工作室支持文生视频、图生视频、参考生视频、首尾帧视频、AI视频编辑和AI视频延长，覆盖产品视频、广告创意、社交短视频、AI空镜素材、转场、揭示和电影感概念镜头。交付后检查动作、主体稳定性、运镜、连续性与发布场景；如果请求或结果包含音频，也一并检查音频，再决定最小有效的修改、延长或重新生成。,20,,,19366,0.601
100,cybersec-learning,skillhub-cn,,,,,single,"网络安全与SRC漏洞掘金实战技能。融合「系统学习路径」与「SRC实战掘金」双模式： ①学习模式=法律→基础→工具→靶场→攻防→就业全流程； ②实战模式=直接指导在腾讯TSRC、阿里ASRC、百度BSRC等平台挖掘高价值漏洞变现。 当用户提出以下问题时触发： ""我想学网络安全怎么入门""""SRC漏洞怎么挖能赚钱""""渗透测试需要学什么"" ""Web安全漏洞原理是什么""""怎么准备CTF比赛""""护网面试会问什","网络安全与SRC漏洞掘金实战技能。融合「系统学习路径」与「SRC实战掘金」双模式： ①学习模式=法律→基础→工具→靶场→攻防→就业全流程； ②实战模式=直接指导在腾讯TSRC、阿里ASRC、百度BSRC等平台挖掘高价值漏洞变现。 当用户提出以下问题时触发： ""我想学网络安全怎么入门""""SRC漏洞怎么挖能赚钱""""渗透测试需要学什么"" ""Web安全漏洞原理是什么""""怎么准备CTF比赛""""护网面试会问什",17,,,19292,0.598
